State/UT,Year,Total Population,Rural Population,Urban Population,Total Lit,Lit_rate,Area in km2,MURDER,ATTEMPT TO MURDER,CULPABLE HOMICIDE NOT AMOUNTING TO MURDER,RAPE,CUSTODIAL RAPE,OTHER RAPE,KIDNAPPING & ABDUCTION,KIDNAPPING AND ABDUCTION OF WOMEN AND GIRLS,KIDNAPPING AND ABDUCTION OF OTHERS,DACOITY,PREPARATION AND ASSEMBLY FOR DACOITY,ROBBERY,BURGLARY,THEFT,AUTO THEFT,OTHER THEFT,RIOTS,CRIMINAL BREACH OF TRUST,CHEATING,COUNTERFIETING,ARSON,HURT/GREVIOUS HURT,DOWRY DEATHS,ASSAULT ON WOMEN WITH INTENT TO OUTRAGE HER MODESTY,INSULT TO MODESTY OF WOMEN,CRUELTY BY HUSBAND OR HIS RELATIVES,IMPORTATION OF GIRLS FROM FOREIGN COUNTRIES,CAUSING DEATH BY NEGLIGENCE,OTHER IPC CRIMES,TOTAL IPC CRIMES,Total crime against sc,Total crime against women,Total crimes against ST,Total crime against children,Total crimes,Total crime rate
A& N ISLANDS,2001,356152,239954,116198,253135,81.3,8249,13,0,0,3,0,3,2,2,0,0,0,4,64,65,4,61,13,10,8,2,4,118,0,19,1,9,0,0,323,658,0,34,1,0,1421,398.9869494
ANDHRA PRADESH,2001,76210007,55401067,20808940,39934323,60.47,275045,2602,1555,136,871,0,871,1182,765,417,214,9,629,7220,16751,3051,13700,3001,788,5391,144,872,34947,420,3544,2271,5791,7,7400,34344,130089,2933,13669,512,270,296366,388.8806886
ARUNACHAL PRADESH,2001,1097968,870087,227881,484785,54.34,83743,83,53,3,33,0,33,83,55,28,22,2,84,248,443,36,407,24,41,30,4,13,466,0,78,3,11,0,0,618,2342,0,180,72,0,5495,500.4699591
ASSAM,2001,26655528,23216288,3439240,14015354,63.25,78438,1356,481,40,817,0,817,1480,1070,410,532,14,687,2423,5367,350,5017,2953,374,575,46,441,5805,59,850,4,1248,0,2010,9315,36877,6,4048,0,18,85490,320.7214654
BIHAR,2001,82998509,74316709,8681800,31109577,47,94163,3643,3419,250,888,0,888,2159,518,1641,1291,147,2203,3233,9701,1050,8651,8606,946,1659,85,502,7544,859,562,21,1558,83,2406,36667,88432,1303,4489,83,83,195570,235.6307389
CHANDIGARH,2001,900635,92120,808515,643245,81.94,114,15,10,6,18,0,18,56,50,6,5,0,22,364,1529,494,1035,91,26,155,2,5,95,3,24,15,36,0,6,914,3397,3,146,0,58,8604,955.3259645
CHHATTISGARH,2001,20833803,16648056,4185747,11173149,64.66,135191,880,529,45,959,0,959,207,171,36,87,19,338,4144,4812,920,3892,871,154,402,8,215,5477,70,1763,161,840,0,689,15790,38460,501,3964,486,,87849,421.665694
D & N HAVELI,2001,220490,170027,50463,103904,57.63,491,3,2,0,6,0,6,4,2,2,0,0,2,34,45,15,30,4,13,12,1,1,29,0,7,0,4,0,0,183,350,0,19,6,0,780,353.75754
DAMAN & DIU,2001,158204,100856,57348,107600,78.18,112,3,2,0,6,0,6,4,2,2,0,0,2,34,45,15,30,4,13,12,1,1,29,0,7,0,4,0,0,183,350,0,7,0,0,762,481.6565953
DELHI,2001,13850507,944727,12905780,9664764,81.67,16579,547,510,63,381,0,381,1627,964,663,48,74,624,3029,19276,7894,11382,165,479,2183,42,50,2011,113,502,90,138,0,432,22000,54384,19,2188,0,912,133171,961.488269
GOA,2001,1347668,677091,670577,985562,82.01,3702,36,30,5,12,0,12,9,6,3,7,0,25,359,576,168,408,64,39,62,2,16,174,2,17,7,11,0,191,697,2341,1,55,0,34,5369,398.3918888
GUJARAT,2001,50671017,31740767,18930250,29827750,69.14,196024,1226,537,94,286,0,286,998,857,141,327,19,991,5142,15834,5504,10330,1930,1748,1779,55,449,13760,67,756,111,3667,0,2924,50719,103419,1242,5744,309,572,231823,457.5061124
HARYANA,2001,21144564,15029260,6115304,12093677,67.91,44212,781,467,78,398,0,398,449,297,152,77,141,397,3109,6117,3022,3095,750,556,1016,37,203,4744,285,478,401,1513,0,856,15906,38759,283,3372,0,363,88500,418.5472919
HIMACHAL PRADESH,2001,6077900,5482319,595581,4041621,76.48,55673,119,75,11,124,0,124,126,105,21,4,0,28,844,600,142,458,628,69,146,2,134,1403,10,310,14,317,0,483,6052,11499,92,880,4,82,24906,409.7796936
JAMMU & KASHMIR,2001,10143700,7627062,2516638,4807286,55.52,222236,1075,1474,33,169,0,169,606,504,102,24,0,161,1345,1919,633,1286,1072,90,391,15,437,318,13,622,288,50,0,357,9046,19505,2,1646,0,28,43380,427.6546033
JHARKHAND,2001,26945829,20952088,5993741,11777201,53.56,79714,1507,866,143,567,0,567,441,279,162,636,48,647,1266,3827,754,3073,2018,283,554,23,165,2254,217,297,5,484,2,420,8777,25447,158,1851,282,41,58061,215.4730515
KARNATAKA,2001,52850562,34889033,17961529,30434962,66.06,191791,1626,1475,74,293,0,293,559,271,288,178,36,847,6394,12868,4016,8852,6686,494,2678,131,352,23285,220,1665,81,1755,0,100,47301,109098,1621,4285,276,68,238166,450.6404303
KERALA,2001,31841374,23574449,8266925,25485688,90.86,38863,472,615,111,562,0,562,183,97,86,176,13,517,4474,5441,1795,3646,8108,428,2756,239,768,19829,27,1942,81,2561,0,0,54544,103847,499,5270,83,247,219979,690.8590063
LAKSHADWEEP,2001,60650,33683,26967,44683,86.66,32,1,0,0,0,0,0,0,0,0,0,0,0,1,10,0,10,1,1,0,0,2,3,0,0,0,0,0,0,17,36,0,0,0,1,83,136.8507832
MADHYA PRADESH,2001,6038023,44380878,15967145,31592563,63.74,308245,2425,2870,125,2851,0,2851,956,668,288,166,130,1764,13549,20263,4535,15728,3395,481,1413,19,1014,30895,609,7063,751,2562,0,3297,85143,181741,4212,14504,1535,1425,409228,6777.516416
MAHARASHTRA,2001,968786,55777647,41100980,63965943,76.84,307713,2839,1454,101,1302,0,1302,985,611,374,529,328,2239,15073,39866,8873,30993,6719,1542,4273,265,1208,30212,308,2823,1120,6090,1,8993,42963,171233,625,12255,238,1621,399358,41222.51973
MANIPUR,2001,2166788,1590820,575968,1310534,70.5,22327,209,168,5,20,0,20,94,62,32,20,17,19,75,217,71,146,131,33,66,20,64,201,0,21,0,5,0,7,1097,2489,0,108,0,0,5417,250.0013845
MEGHALAYA,2001,2318822,1864711,454111,1157875,62.56,22429,0,47,2,26,0,26,55,11,44,97,3,125,170,271,16,255,8,19,29,3,26,102,0,25,0,4,0,0,511,1687,0,66,0,0,3628,156.4587536
MIZORAM,2001,888573,447567,441006,661445,88.8,21081,31,15,5,52,0,52,2,1,1,3,0,23,417,878,17,861,3,23,71,12,24,94,0,52,0,16,3,23,499,2246,1,124,10,0,5559,625.6098261
NAGALAND,2001,1990036,1647249,342787,1132323,66.59,1483,101,39,9,17,0,17,23,6,17,11,0,129,163,258,89,169,2,20,34,2,1,37,0,6,0,0,0,19,363,1234,1,29,310,0,3106,156.0775785
ODISHA,2001,36804660,31287422,5517238,19837055,63.08,155707,987,1151,53,790,0,790,522,434,88,199,22,958,3093,5622,817,4805,1426,285,681,10,423,4367,294,1655,458,1266,0,1589,20810,46661,27,4331,0,68,104682,284.4259395
PUDUCHERRY,2001,974345,325726,648619,696367,81.24,479,25,32,1,9,0,9,4,3,1,1,0,4,111,528,284,244,100,5,23,3,31,635,1,35,27,3,0,166,2324,4068,0,111,0,5,8793,902.4524168
PUNJAB,2001,24358999,16096488,8262511,14756970,69.65,50362,738,789,80,298,0,298,513,324,189,45,84,131,1902,3023,1204,1819,1,368,2621,58,63,3996,159,372,47,1128,0,2154,9204,27774,0,2249,0,123,61754,253.5161646
RAJASTHAN,2001,56507188,43292813,13214375,27702010,60.41,342239,1259,1923,63,1049,0,1049,2718,2165,553,60,40,889,7284,16939,4324,12615,11214,1026,6644,89,1092,27485,376,2878,56,5532,1,4221,62347,155185,0,11934,1023,218,344251,609.2163001
SIKKIM,2001,540851,480981,59870,234135,68.81,7096,19,11,7,8,0,8,6,2,4,0,0,3,76,74,6,68,3,1,13,0,1,35,0,0,14,0,0,7,166,444,5,28,6,5,1020,188.5916824
TAMIL NADU,2001,62405679,34921681,27483998,40524545,73.45,130058,1662,2204,19,423,0,423,952,607,345,158,6,672,5965,16709,4478,12231,5196,360,2139,104,980,28429,191,1773,1012,815,14,8550,76468,154801,0,6138,9,61,333894,535.0378449
TRIPURA,2001,3199203,2653453,545750,2022099,73.19,10486,240,25,0,102,0,102,93,35,58,26,0,63,198,259,6,253,138,4,17,6,31,412,16,58,0,227,0,31,855,2801,0,536,0,0,6592,206.0513197
UTTAR PRADESH,2001,166197921,131658339,34539582,75719284,56.27,240928,7601,7964,1186,1958,0,1958,4330,2879,1451,905,38,3825,8411,27011,6189,20822,7343,3430,5363,147,812,17816,2211,2870,2575,7365,0,7129,57839,178129,0,15317,254,3709,408837,245.9940519
UTTARAKHAND,2001,8489349,6310275,2179074,5105782,71.62,53483,316,279,38,74,0,74,183,126,57,32,3,191,533,1419,374,1045,440,171,318,4,30,830,56,103,84,301,0,441,2227,8073,0,869,18,46,18755,220.9238895
WEST BENGAL,2001,80176197,57748946,22427251,47196401,68.64,88752,1594,449,581,709,0,709,875,695,180,274,421,660,426,14245,2562,11683,3095,486,1216,102,102,3658,265,954,48,3859,3,2281,25260,61563,0,8338,2,167,147462,183.9224178
A& N ISLANDS,2002,358595,241570,117025,257250,81.7,8249,17,3,1,2,0,2,2,1,1,1,0,7,49,49,2,47,11,4,11,0,2,97,0,17,3,4,0,0,328,608,0,27,1,0,1297,361.689371
ANDHRA PRADESH,2002,77047084,56041547,21005537,40996567,61.07,275045,2525,1644,165,1002,0,1002,1302,854,448,197,3,648,7628,19222,3544,15678,2140,1050,6733,155,991,39839,449,3799,2024,7018,0,8691,36385,143610,3385,17075,525,333,330064,428.3925917
ARUNACHAL PRADESH,2002,1126432,891256,235177,512907,55.3,83743,61,38,6,38,0,38,57,38,19,22,0,96,249,395,51,344,21,23,29,5,20,401,0,68,2,13,0,0,684,2228,0,148,87,6,5187,460.4805261
ASSAM,2002,27106902,23615667,3491235,14531616,64,78438,1253,479,55,970,0,970,1595,1276,319,473,18,607,2504,5555,496,5059,3014,558,719,57,438,4764,70,984,7,1694,0,1957,8575,36346,47,5636,39,14,86548,319.2839964
BIHAR,2002,85079122,76175654,8903468,33249075,48.3,94163,3712,3526,396,1040,0,1040,2361,744,1617,1289,141,2288,3188,10145,1131,9014,8675,1215,1811,72,600,8770,927,621,6,1577,38,2497,39145,94040,1579,6847,57,57,210166,247.0241759
CHANDIGARH,2002,916040,93704,822336,659464,82.3,114,31,35,7,18,0,18,54,47,7,1,1,26,336,1647,617,1030,78,35,181,5,5,107,1,36,28,56,0,7,1111,3806,0,179,0,49,9559,1043.513384
CHHATTISGARH,2002,21304442,17032623,4271820,11593826,65.19,135191,844,453,24,992,0,992,178,154,24,144,6,326,3731,4302,889,3413,817,96,393,18,235,4484,85,1483,147,653,0,963,17576,37950,443,3747,508,733,86803,407.440852
D & N HAVELI,2002,232726,179429,53298,115837,59.3,491,11,2,0,4,0,4,9,5,4,3,0,1,38,75,38,37,5,12,10,0,2,29,0,3,0,3,0,0,142,349,0,22,0,0,808,347.1893987
DAMAN & DIU,2002,166675,105629,61045,115681,79.03,112,11,2,0,4,0,4,9,5,4,3,0,1,38,75,38,37,5,12,10,0,2,29,0,3,0,3,0,0,142,349,0,6,0,0,792,475.1762412
DELHI,2002,14140780,964291,13176488,9972064,82.11,16579,531,440,68,403,0,403,1323,893,430,47,67,502,2360,16625,7434,9191,139,444,2098,46,57,1851,135,446,128,135,0,416,20876,49137,16,3543,0,697,120881,854.8396906
GOA,2002,1358674,682706,675967,1003555,82.42,3702,30,20,4,12,0,12,9,5,4,5,0,24,376,496,146,350,79,27,78,3,25,236,2,18,6,8,0,202,780,2440,2,104,0,31,5534,407.3088909
GUJARAT,2002,51642278,32360671,19281607,30954311,70.86,196024,1532,759,13,267,0,267,1015,807,208,804,12,1098,5327,15742,6195,9547,3665,1385,1457,46,1915,13531,62,750,104,3321,0,3258,50612,106675,1370,6178,340,710,238972,462.7448851
HARYANA,2002,21565416,15322783,6242633,12544208,68.86,44212,760,487,89,361,1,360,427,290,137,61,162,330,3048,5962,2955,3007,700,579,933,32,199,4514,256,454,1424,1565,0,955,16854,40152,227,4208,5,235,91729,425.3523326
HIMACHAL PRADESH,2002,6155761,5551775,603986,4141433,76.38,55673,123,86,6,137,0,137,138,116,22,0,1,18,710,564,142,422,646,75,137,0,145,1476,6,326,12,234,0,482,6921,12243,91,812,3,91,26322,427.5994471
JAMMU & KASHMIR,2002,10384223,7806403,2577819,5033281,57.74,222236,1048,1240,31,192,0,192,674,596,78,42,0,163,1321,2020,664,1356,996,91,382,20,386,366,18,785,368,54,0,380,9390,19967,1,2195,6,42,45064,433.9660271
JHARKHAND,2002,27547870,21408257,6139613,12432288,54.79,79714,1488,1143,115,797,0,797,468,178,290,580,55,780,1419,4374,560,3814,2281,333,441,6,167,2294,275,411,3,588,36,416,12969,31439,125,2288,124,111,71165,258.3321324
KARNATAKA,2002,53678576,35449144,18229432,31456198,66.09,191791,1627,1576,55,292,0,292,645,300,345,178,66,972,6480,13818,4376,9442,6838,485,2764,175,437,22824,233,1648,100,1826,0,152,50508,113699,1787,3916,240,114,248210,462.4004929
KERALA,2002,31996004,23682680,8313324,25750702,91.22,38863,454,562,210,499,0,499,162,91,71,137,4,610,4624,5743,1978,3765,8090,357,2924,135,452,19033,17,2123,102,2836,0,32,55094,104200,524,6268,102,240,221938,693.6428687
LAKSHADWEEP,2002,61028,33890,27138,45470,87.39,32,0,0,0,1,0,1,0,0,0,0,0,0,9,12,0,12,18,0,0,0,2,5,0,1,0,0,0,0,5,53,1,1,0,0,121,198.2696467
MADHYA PRADESH,2002,12693977,45299988,16272989,32718424,66.09,308245,2395,2864,194,2891,0,2891,964,639,325,136,142,1829,13344,20759,4845,15914,3178,507,1240,54,1053,29955,674,7118,783,3117,0,3679,94923,191799,7217,15140,2504,2329,435402,3429.988884
MAHARASHTRA,2002,12109205,56673105,41754956,65724778,77.37,307713,2768,1435,93,1352,1,1351,953,650,303,548,271,2136,14471,37606,9122,28484,6360,1468,4145,176,1269,29250,303,2686,769,5353,0,9407,42643,165462,634,11828,271,1860,385428,3182.933975
MANIPUR,2002,2222285,1620029,603246,1370328,71.17,22327,165,160,3,14,0,14,157,82,75,3,8,6,44,255,115,140,64,28,72,12,48,378,0,58,0,10,0,25,1074,2584,0,134,0,0,5728,257.7527185
MEGHALAYA,2002,2383341,1916938,466402,1220588,63.62,22429,167,58,3,38,0,38,52,10,42,64,2,109,154,392,51,341,9,9,33,8,23,89,0,23,0,0,0,12,419,1664,0,113,2,1,3926,164.7267428
MIZORAM,2002,908817,457905,450912,680118,89.05,21081,29,26,5,76,0,76,7,2,5,5,0,7,446,999,30,969,1,26,85,16,27,112,0,73,0,3,0,13,864,2820,0,86,40,0,6848,753.5070317
NAGALAND,2002,1989093,1645609,343484,1153334,67.12,1483,100,34,5,17,0,17,27,4,23,21,0,110,128,257,81,176,5,10,21,3,6,53,0,1,0,0,0,24,292,1114,17,22,371,0,2939,147.7557862
ODISHA,2002,37318930,31718796,5600134,20527609,64.05,155707,1075,1372,58,691,0,691,523,432,91,246,30,945,2884,5268,1028,4240,1598,246,793,12,405,4947,248,1605,188,1167,0,2672,20755,47728,1195,24,0,56,103213,276.5700946
PUDUCHERRY,2002,1001357,334572,666785,722461,81.68,479,29,43,2,6,0,6,10,6,4,2,0,6,129,526,258,268,193,11,31,3,22,1093,5,59,26,9,0,190,2042,4437,18,4523,0,17,13974,1395.506298
PUNJAB,2002,24693523,16318417,8375105,15151987,70.24,50362,733,728,79,299,0,299,551,354,197,50,83,110,1928,2963,1267,1696,2,373,2716,39,68,4453,166,341,145,944,0,2310,9713,28794,131,103,0,161,61796,250.2518575
RAJASTHAN,2002,57718570,44214809,13503762,28759337,60.97,342239,1276,2043,68,1051,0,1051,2587,2019,568,47,33,734,6661,16313,4706,11607,7178,938,7286,63,1130,26519,399,2730,44,5691,0,4670,63787,151248,577535,2317,930,204,903433,1565.238016
SIKKIM,2002,547535,487074,60461,255217,68.13,7096,13,5,2,6,0,6,9,2,7,0,0,5,66,64,5,59,15,3,48,0,2,50,0,17,0,3,0,7,170,485,1,11671,10,6,12737,2326.243984
TAMIL NADU,2002,63379007,35453779,27925228,41655841,74.11,130058,1723,2133,36,534,0,534,1001,714,287,176,25,653,5533,18755,4671,14084,4252,288,2017,121,850,25150,243,1877,1718,1052,0,10125,88680,166942,2097,36,77,135,356519,562.5190688
TRIPURA,2002,3246386,2693031,553555,2100367,73.84,10486,201,38,1,108,0,108,128,48,80,29,0,56,192,270,51,219,180,12,20,7,40,518,16,128,0,236,0,46,849,3075,0,5868,0,0,12524,385.7828367
UTTAR PRADESH,2002,169536277,134281394,35254883,79587111,57.28,240928,6825,6283,1243,1415,1,1414,3430,2298,1132,552,59,2840,6126,22419,6353,16066,4878,2738,5026,127,643,13947,1893,2145,1887,5679,0,7313,48569,146037,7927,537,61,1826,329689,194.4651645
UTTARAKHAND,2002,8652089,6433516,2218574,5283299,72.26,53483,292,249,47,89,0,89,198,155,43,32,6,177,554,1365,374,991,342,145,312,8,40,760,66,145,97,316,1,440,2295,7976,99,12426,3,27,30159,348.5747777
WEST BENGAL,2002,81293351,58556885,22736466,48630589,69.39,88752,1444,413,540,759,0,759,831,694,137,204,646,544,348,12449,2458,9991,2461,451,1315,98,114,3112,273,964,34,4069,1,2703,25189,58962,4,885,12,175,133039,163.6529905
A& N ISLANDS,2003,361038,243187,117851,261364,82.1,8249,21,4,1,2,0,2,2,2,0,2,0,7,56,60,3,57,19,3,13,0,8,110,0,9,2,7,0,0,318,644,0,10865,1,6,12224,3385.793185
ANDHRA PRADESH,2003,77884161,56682026,21202135,42058810,61.6,275045,2667,1678,147,946,0,946,1485,931,554,176,5,660,9050,23408,4521,18887,2328,1099,7581,318,1049,41545,466,4128,2286,8167,5,8515,39242,156951,3559,22,571,1463,345356,443.4226363
ARUNACHAL PRADESH,2003,1154897,912424,242472,541029,56.3,83743,77,20,3,31,0,31,68,51,17,37,0,60,253,370,50,320,7,28,21,7,10,427,0,43,0,14,0,0,585,2061,0,17175,66,18,21850,1891.943611
ASSAM,2003,27558277,24015046,3543231,15047879,64.8,78438,1191,485,48,1095,0,1095,1628,1351,277,471,26,523,2606,5525,406,5119,3340,611,894,58,677,4952,60,878,6,1808,0,2086,9227,38195,67,150,20,19,84894,308.0526406
BIHAR,2003,87159735,78034598,9125136,35388572,49.6,94163,3771,3540,298,985,0,985,2427,674,1753,1221,120,2463,2986,10124,1357,8767,8029,1105,1947,92,669,8884,909,688,11,1880,37,2574,37503,92263,1747,5920,56,56,205841,236.165243
CHANDIGARH,2003,931445,95288,836157,675684,82.7,114,21,15,2,18,0,18,32,28,4,3,1,12,204,1238,552,686,46,32,209,2,4,71,1,11,4,93,0,8,779,2806,1,5202,0,40,12143,1303.673325
CHHATTISGARH,2003,21775082,17417189,4357892,12014504,65.72,135191,776,513,51,898,0,898,177,149,28,140,14,331,3621,4170,922,3248,703,76,412,24,151,3653,79,1481,105,601,0,1158,19315,38449,709,196,774,614,84436,387.7643262
D & N HAVELI,2003,244963,188830,56133,127769,61.01,491,11,5,0,1,0,1,7,4,3,4,0,6,41,61,15,46,17,8,13,2,4,22,0,4,0,2,0,1,129,338,0,3588,23,1,4357,1778.635957
DAMAN & DIU,2003,175145,110403,64743,123761,79.89,112,11,5,0,1,0,1,7,4,3,4,0,6,41,61,15,46,17,8,13,2,4,22,0,4,0,2,0,1,129,338,0,24,1,6,776,443.0614634
DELHI,2003,14431053,983856,13447197,10279365,82.56,16579,485,407,65,490,0,490,1156,797,359,28,107,441,1898,15544,7445,8099,80,431,2079,43,60,1708,130,489,105,1211,0,402,20045,47404,13,9,0,516,112536,779.8183542
GOA,2003,1369679,688322,681357,1021547,82.83,3702,34,25,6,31,0,31,14,13,1,5,0,21,257,464,132,332,47,60,106,3,18,198,2,19,7,24,0,164,739,2244,2,4190,0,57,9246,675.0486793
GUJARAT,2003,52613539,32980575,19632964,32080872,72.63,196024,1114,478,29,236,0,236,1044,859,185,338,14,1267,5844,19304,7201,12103,1824,1873,1975,275,516,12611,54,722,92,3684,0,3536,46879,103709,1165,83,241,665,230156,437.4463387
HARYANA,2003,21986267,15616306,6369961,12994739,69.82,44212,702,446,76,353,0,353,388,271,117,63,190,281,2981,5591,3079,2512,639,586,900,30,122,4153,222,344,1302,1618,0,971,16654,38612,341,6284,0,287,90468,411.4750358
HIMACHAL PRADESH,2003,6233622,5621231,612391,4241244,76.28,55673,125,74,5,126,0,126,113,96,17,8,0,19,707,627,218,409,610,63,130,3,121,1385,6,250,18,221,0,463,6937,12011,71,4069,12,109,29149,467.609361
JAMMU & KASHMIR,2003,10624745,7985745,2639000,5259275,60.04,222236,929,1216,29,211,0,211,712,615,97,23,0,154,1526,1949,576,1373,1167,116,408,21,328,310,10,875,376,71,0,378,10424,21233,0,788,1,49,46176,434.6080777
JHARKHAND,2003,28149911,21864426,6285484,13087375,56.05,79714,1482,957,109,712,0,712,487,262,225,702,37,864,1468,4155,564,3591,2481,265,479,5,147,3062,262,424,2,559,0,642,12902,32203,76,2141,108,35,72120,256.1997443
KARNATAKA,2003,54506590,36009255,18497336,32477434,66.12,191791,1506,1241,58,321,0,321,531,244,287,220,65,861,6055,14180,4296,9884,5784,495,2752,126,415,21913,194,1585,84,1704,0,172,52143,112405,1844,2216,167,116,244185,447.9917016
KERALA,2003,32150635,23790911,8359723,26015715,91.58,38863,435,448,343,394,0,394,189,102,87,142,19,634,4409,4891,1668,3223,6798,323,3061,129,413,17696,33,1947,68,2930,0,35,53487,98824,439,4455,65,179,208260,647.7632557
LAKSHADWEEP,2003,61406,34097,27309,46257,88.13,32,0,0,0,2,0,2,0,0,0,0,0,0,6,8,1,7,4,0,0,0,2,1,0,1,0,1,0,0,6,31,0,6425,0,1,6498,10582.02781
MADHYA PRADESH,2003,19349931,46219098,16578833,33844284,68.53,308245,2227,2413,203,2738,0,2738,887,608,279,153,141,1578,12884,20422,5262,15160,2729,549,1222,38,868,29358,648,6848,705,2938,0,3778,97751,191078,5507,0,1779,2662,416151,2150.658832
MAHARASHTRA,2003,23249623,57568564,42408932,67483612,77.91,307713,2772,1412,113,1268,0,1268,926,626,300,514,249,2096,13892,37098,9271,27827,5714,1561,5005,261,1188,29205,368,2661,682,5452,0,9378,42491,164306,697,14474,217,2001,385293,1657.201065
MANIPUR,2003,2277782,1649238,630524,1430122,71.85,22327,150,199,6,18,0,18,120,71,49,3,0,6,68,252,124,128,73,16,76,7,47,324,0,44,0,4,0,4,1120,2537,0,13117,4,36,18621,817.5058017
MEGHALAYA,2003,2447859,1969165,478694,1283301,64.7,22429,175,60,17,40,0,40,49,10,39,83,1,133,160,360,108,252,5,12,34,4,16,106,0,13,1,4,0,41,355,1669,0,139,0,46,3972,162.2642481
MIZORAM,2003,929061,468243,460818,698791,89.3,21081,46,36,3,54,0,54,8,2,6,5,0,21,487,1303,57,1246,3,19,60,12,23,142,0,88,0,3,0,11,1132,3456,0,130,0,17,8424,906.7219483
NAGALAND,2003,1988149,1643968,344181,1174345,67.78,1483,91,34,8,14,0,14,38,3,35,19,0,92,95,221,37,184,8,3,11,7,5,48,0,4,2,0,1,41,234,976,27,24,263,0,2539,127.7067262
ODISHA,2003,37833200,32150170,5683030,21218163,65.04,155707,1044,1214,188,725,0,725,477,373,104,178,30,875,2961,5359,1076,4283,1408,254,937,11,337,4759,279,1669,188,1289,0,2497,20602,47281,17,26,484,140,101790,269.0494063
PUDUCHERRY,2003,1028369,343418,684951,748555,82.12,479,29,32,0,2,0,2,18,13,5,2,0,11,126,567,295,272,159,12,32,1,18,1053,1,56,27,4,0,182,2185,4517,27,4685,0,5,14338,1394.246618
PUNJAB,2003,25028046,16540347,8487700,15547003,70.83,50362,731,644,89,380,0,380,464,295,169,30,117,108,2094,3198,1375,1823,0,343,3123,56,71,4124,110,346,199,987,0,2226,9316,28756,0,100,0,184,61838,247.0748216
RAJASTHAN,2003,58929953,45136804,13793149,29816664,61.53,342239,1262,1977,61,1050,0,1050,2238,1750,488,36,41,655,6072,16456,5491,10965,4052,902,7225,58,784,26173,389,2715,33,5733,1,5074,62592,145579,0,1914,912,240,313968,532.7816908
SIKKIM,2003,554218,493167,61051,276298,69.47,7096,14,7,3,10,0,10,0,0,0,2,0,3,48,65,3,62,10,7,12,3,2,56,0,25,0,1,0,18,157,443,0,12946,6,15,13928,2513.090517
TAMIL NADU,2003,64352335,35985877,28366457,42787137,74.77,130058,1591,1843,28,557,1,556,879,632,247,95,43,514,4849,18213,4581,13632,3706,307,1904,63,791,30228,220,2022,881,1555,1,9112,77784,157186,5,48,67,177,334318,519.5118406
TRIPURA,2003,3293569,2732608,561360,2178636,74.5,10486,254,87,0,114,0,114,146,29,117,36,0,69,167,276,10,266,274,3,25,3,83,534,20,127,0,247,0,109,940,3514,0,5914,0,0,13478,409.2217288
UTTAR PRADESH,2003,172874632,136904449,35970183,83454938,58.31,240928,5284,3793,1525,911,0,911,2208,1499,709,317,196,1988,4016,15751,5605,10146,2251,1746,2911,226,297,7760,1322,1098,4970,2626,0,4428,29449,95073,0,670,47,1702,211435,122.3053941
UTTARAKHAND,2003,8814830,6556756,2258073,5460816,72.91,53483,268,236,31,107,0,107,171,134,37,26,3,160,557,1368,400,968,392,138,379,8,33,687,93,136,98,317,0,362,2353,7923,0,14964,5,23,32484,368.5153315
WEST BENGAL,2003,82410505,59364825,23045680,50064777,70.15,88752,1425,400,484,1002,0,1002,902,801,101,217,883,598,342,12613,2581,10032,2596,378,1534,153,87,4172,329,1186,71,4948,1,2300,24553,61174,0,982,3,148,137998,167.4519529
A& N ISLANDS,2004,363481,244803,118678,265479,82.5,8249,15,1,2,10,0,10,3,3,0,0,0,3,69,103,9,94,9,0,12,0,9,105,0,6,3,5,0,6,387,748,0,11794,1,14,13421,3692.352558
ANDHRA PRADESH,2004,78721238,57322506,21398732,43121054,62.2,275045,2579,1908,163,1016,0,1016,1526,1030,496,199,2,596,8457,23578,5042,18536,2540,898,7928,175,915,43335,512,3817,2310,8388,2,11452,36460,158756,0,36,566,1328,345562,438.9692144
ARUNACHAL PRADESH,2004,1183361,933593,249768,569151,57.3,83743,67,45,1,42,0,42,65,41,24,30,2,45,215,388,75,313,65,26,34,1,19,429,0,61,0,4,0,0,717,2256,0,19006,75,22,24110,2037.417153
ASSAM,2004,28009651,24414425,3595226,15564141,65.6,78438,1214,410,63,1171,0,1171,1906,1552,354,360,31,505,2544,5866,685,5181,3615,586,865,57,379,5911,74,883,11,1945,0,2239,10040,40675,20,168,12,21,90514,323.1529018
BIHAR,2004,89240347,79893543,9346804,37528070,50.9,94163,3948,2995,280,1390,1,1389,3413,997,2416,1319,145,2986,3175,11113,2083,9030,9793,1701,2764,57,707,11231,1029,704,13,2679,35,2405,44178,108060,2646,6741,59,59,241541,270.6634478
CHANDIGARH,2004,946850,96873,849978,691903,83.1,114,22,19,10,19,0,19,54,43,11,0,2,6,186,1459,653,806,43,23,135,4,0,65,6,20,18,73,0,5,720,2889,0,5818,0,66,13194,1393.462534
CHHATTISGARH,2004,22245721,17801756,4443965,12435181,66.25,135191,927,619,25,969,0,969,214,174,40,106,8,363,3720,5014,1316,3698,790,101,424,42,242,3899,71,1661,131,741,0,1717,20143,41927,698,221,676,940,92586,416.1968947
D & N HAVELI,2004,257199,198232,58967,139702,62.77,491,11,4,0,7,0,7,12,7,5,3,0,2,20,53,20,33,17,12,22,0,2,35,0,5,0,3,0,8,193,409,0,3735,4,11,4640,1804.05056
DAMAN & DIU,2004,183616,115176,68440,131842,80.76,112,11,4,0,7,0,7,12,7,5,3,0,2,20,53,20,33,17,12,22,0,2,35,0,5,0,3,0,8,193,409,0,32,1,2,925,503.7687348
DELHI,2004,14721325,1003420,13717905,10586665,83.01,16579,481,519,80,551,0,551,1209,881,328,30,135,461,1875,18994,8873,10121,67,445,2322,44,38,1780,126,601,130,1254,0,433,22048,53623,4,8,0,766,128778,874.7718021
GOA,2004,1380685,693937,686747,1039540,83.24,3702,40,6,5,37,0,37,13,10,3,5,0,18,261,503,120,383,33,49,61,0,7,170,2,23,15,17,0,216,646,2127,0,4416,0,53,9276,671.840427
GUJARAT,2004,53584800,33600479,19984321,33207432,74.44,196024,1113,469,27,339,0,339,1133,905,228,360,15,1136,5828,18551,6931,11620,1599,1612,1726,122,388,12262,58,757,164,3955,0,3958,49897,105469,1309,70,241,799,233380,435.5339574
HARYANA,2004,22407119,15909830,6497290,13445270,70.79,44212,733,441,65,386,0,386,423,292,131,52,145,244,2786,6558,3735,2823,699,534,1089,32,95,4194,251,403,850,2026,0,981,16109,39096,303,7200,0,164,93226,416.0552724
HIMACHAL PRADESH,2004,6311483,5690686,620796,4341056,76.18,55673,110,77,12,153,0,153,123,99,24,1,0,25,766,643,192,451,562,97,174,6,112,1421,8,284,16,252,0,469,7015,12326,88,4525,11,92,30287,479.871371
JAMMU & KASHMIR,2004,10865268,8165086,2700182,5485270,62.44,222236,816,1112,29,218,0,218,735,632,103,28,0,129,1420,1939,573,1366,1116,105,414,32,320,334,9,990,264,82,0,422,10677,21191,1,790,1,35,46101,424.2969433
JHARKHAND,2004,28751952,22320596,6431356,13742461,57.33,79714,1488,1143,115,797,0,797,468,178,290,580,55,780,1419,4374,560,3814,2281,333,441,6,167,2294,275,411,3,588,36,416,12969,31439,126,2425,123,112,71303,247.9935971
KARNATAKA,2004,55334605,36569366,18765239,33498670,66.15,191791,1519,1387,57,291,1,290,592,286,306,177,109,1024,6093,16093,5185,10908,6237,423,2759,65,248,21232,259,1435,57,1588,0,277,52518,114440,1643,2621,173,189,250482,452.6679101
KERALA,2004,32305265,23899143,8406122,26280729,91.58,38863,417,391,473,480,0,480,232,142,90,129,15,639,4580,5240,1717,3523,6461,336,3755,99,374,20610,31,2260,133,3222,0,42,54106,104025,438,4822,82,341,219685,680.0284721
LAKSHADWEEP,2004,61784,34304,27479,47044,88.87,32,0,0,0,0,0,0,0,0,0,0,0,0,2,5,0,5,37,0,0,1,0,6,0,0,0,1,0,0,18,70,0,7301,0,0,7446,12051.66386
MADHYA PRADESH,2004,26005886,47138209,16884677,34970145,71.06,308245,2379,2563,188,2875,0,2875,832,584,248,147,134,1526,12308,22586,6148,16438,2479,548,1287,36,893,33285,751,6690,804,3436,0,4209,96911,196867,4699,1,1667,3653,430047,1653.652562
MAHARASHTRA,2004,34390042,58464022,43062908,69242447,78.45,307713,2696,1463,115,1388,0,1388,1045,787,258,629,315,2229,14659,43952,11307,32645,5980,1528,5167,218,1149,30122,314,2831,862,5646,0,9574,44420,176302,715,14275,231,2281,416491,1211.080231
MANIPUR,2004,2333278,1678447,657802,1489917,72.54,22327,159,227,3,31,0,31,128,71,57,2,2,3,66,244,108,136,115,25,142,4,85,233,0,30,0,2,0,35,999,2535,0,14010,0,31,19514,836.3341188
MEGHALAYA,2004,2512378,2021393,490985,1346014,65.79,22429,124,42,7,54,0,54,54,18,36,91,2,81,142,418,138,280,2,25,44,2,15,123,2,34,0,5,0,51,434,1752,0,171,0,0,4201,167.2120995
MIZORAM,2004,949305,478581,470724,717464,89.55,21081,35,21,2,20,0,20,15,0,15,10,0,6,250,610,0,610,2,30,20,6,22,80,0,66,0,0,0,0,320,1515,0,175,0,0,3850,405.5598569
NAGALAND,2004,1987206,1642328,344878,1195356,69,1483,70,33,5,18,0,18,23,4,19,14,0,117,70,255,26,229,6,11,28,0,5,52,0,3,1,0,0,34,239,984,0,26,0,1,2291,115.2874941
ODISHA,2004,38347469,32581544,5765925,21908717,66.04,155707,1066,1197,25,770,0,770,526,423,103,238,0,952,2992,5967,1401,4566,1433,271,805,14,343,4938,319,1811,170,1192,0,2652,21058,48739,1398,33,602,129,106903,278.7745914
PUDUCHERRY,2004,1055381,352263,703117,774650,82.57,479,25,18,14,4,0,4,10,8,2,0,0,1,86,634,322,312,147,7,35,2,9,974,6,50,30,2,0,176,2390,4620,23,5773,0,12,15696,1487.235415
PUNJAB,2004,25362570,16762276,8600294,15942020,71.43,50362,775,716,148,390,0,390,463,311,152,17,79,86,1766,2587,1132,1455,16,313,2729,60,52,4402,113,261,38,801,0,2181,7637,25630,134,105,0,193,55132,217.3754474
RAJASTHAN,2004,60141335,46058800,14082535,30873992,62.1,342239,1279,2030,59,1038,0,1038,2384,1881,503,58,46,673,5911,18842,6648,12194,3101,885,8333,65,835,25947,379,2825,41,6781,1,5579,67767,154859,596161,1906,863,403,931315,1548.543942
SIKKIM,2004,560902,499260,61642,297380,70.84,7096,16,8,3,3,0,3,5,4,1,0,0,5,64,73,6,67,76,4,22,1,7,78,0,40,0,1,0,29,196,631,16,11431,22,8,12820,2285.604259
TAMIL NADU,2004,65325663,36517976,28807687,43918434,75.44,130058,1479,1772,26,618,0,618,870,692,178,72,54,464,4147,17530,3996,13534,3433,268,2121,40,662,30855,225,1861,1081,1437,0,9152,88439,166606,1156,62,13,393,353854,541.6768598
TRIPURA,2004,3340752,2772186,569166,2256904,75.17,10486,189,36,0,160,0,160,99,54,45,27,2,46,166,260,49,211,148,17,34,12,24,452,20,134,0,302,0,85,868,3081,1,5648,12,59,12401,371.2038487
UTTAR PRADESH,2004,176212988,139527504,36685484,87322765,59.35,240928,6126,5580,1436,1397,0,1397,3337,2324,1013,378,98,2606,5299,22524,8452,14072,3915,2377,4184,188,381,11265,1708,1900,2682,4950,3,7136,40711,130181,3785,840,6,1921,294172,166.9411565
UTTARAKHAND,2004,8977570,6679997,2297573,5638333,73.56,53483,262,247,29,115,0,115,213,127,86,37,1,165,566,1597,500,1097,444,157,372,13,28,865,82,143,110,405,0,464,2319,8634,137,14258,1,57,33646,374.7784757
WEST BENGAL,2004,83527659,60172764,23354895,51498965,70.92,88752,1425,390,468,1475,0,1475,1200,1018,182,212,943,535,547,14465,2668,11797,2691,425,1686,125,103,3867,396,1566,64,6334,12,2995,27426,69350,14,782,12,206,156854,187.7868982
A& N ISLANDS,2005,365924,246419,119504,269593,82.9,8249,14,3,3,4,0,4,2,1,1,0,0,4,68,92,6,86,4,8,13,0,6,79,0,11,1,5,0,3,362,682,0,12690,17,8,14177,3874.301768
ANDHRA PRADESH,2005,79558315,57962985,21595330,44183298,62.8,275045,2750,1724,111,935,1,934,1612,995,617,250,4,794,7954,23778,5465,18313,2026,948,7909,257,967,42179,443,3595,2508,8696,3,9973,37707,157123,3117,54,793,950,345485,434.2537923
ARUNACHAL PRADESH,2005,1211825,954761,257064,597273,58.3,83743,81,37,5,35,0,35,58,39,19,23,0,77,263,531,119,412,23,36,28,4,13,383,0,67,0,9,0,69,562,2304,2,22304,27,22,27587,2276.483816
ASSAM,2005,28461026,24813804,3647222,16080403,66.4,78438,1194,503,117,1238,0,1238,1751,1456,295,334,22,451,2255,6369,955,5414,2760,487,873,103,423,5906,99,899,19,2206,3,2695,11299,42006,282,185,244,199,94280,331.2600185
BIHAR,2005,91320960,81752488,9568472,39667567,52.3,94163,3471,3307,259,1147,0,1147,2693,929,1764,1212,165,2374,3117,10812,2134,8678,7671,1181,1829,50,760,11939,1014,451,13,1574,74,2680,40057,97850,1824,6807,115,115,219213,240.0467538
CHANDIGARH,2005,962255,98457,863799,708122,83.5,114,18,15,4,33,0,33,54,45,9,0,2,12,223,1373,579,794,43,41,161,0,1,57,3,31,9,75,0,9,969,3133,0,6543,0,57,14326,1488.79455
CHHATTISGARH,2005,22716360,18186322,4530038,12855858,65.78,135191,1013,660,41,990,0,990,246,184,62,204,25,401,3621,5600,1619,3981,893,110,431,73,214,3734,100,1450,132,732,0,2004,20959,43633,454,224,583,997,96360,424.187678
D & N HAVELI,2005,269435,207633,61802,151634,64.59,491,7,5,0,5,0,5,13,9,4,3,0,2,25,74,17,57,18,12,10,4,1,33,0,5,0,5,0,17,195,434,2,3747,1,5,4715,1749.958246
DAMAN & DIU,2005,192087,119949,72138,139922,81.64,112,7,5,0,5,0,5,13,9,4,3,0,2,25,74,17,57,18,12,10,4,1,33,0,5,0,5,0,17,195,434,2,16,0,5,983,511.7472812
DELHI,2005,15011598,1022985,13988614,10893965,83.47,16579,455,467,64,658,0,658,1590,1106,484,27,157,510,2093,17955,8862,9093,61,394,2378,36,47,1814,114,762,225,1324,1,634,24299,56065,21,6,0,1026,133386,888.5529708
GOA,2005,1391690,699553,692137,1057532,83.65,3702,45,15,5,20,0,20,17,12,5,2,0,28,265,495,185,310,45,50,58,6,12,155,2,30,8,11,0,209,641,2119,2,4725,0,53,9550,686.2160395
GUJARAT,2005,54556061,34220383,20335678,34333993,76.3,196024,1033,452,27,324,0,324,1164,916,248,282,15,966,5332,17964,7083,10881,1628,1370,1541,447,320,10503,48,802,104,4090,0,4120,60882,113414,1307,70,164,836,248657,455.782539
HARYANA,2005,22827971,16203353,6624618,13895801,71.78,44212,784,513,57,461,0,461,492,344,148,88,138,390,3437,8694,5034,3660,899,562,1204,31,119,4569,212,380,597,2075,0,1083,15879,42664,380,8216,0,374,103945,455.3405119
HIMACHAL PRADESH,2005,6389344,5760142,629201,4440867,76.08,55673,110,79,22,141,0,141,118,102,16,6,0,22,696,696,166,530,558,82,163,6,97,1359,2,286,29,228,0,480,7165,12345,101,4549,17,131,30443,476.4651895
JAMMU & KASHMIR,2005,11105790,8344428,2761363,5711265,64.93,222236,647,905,37,201,0,201,748,658,90,13,0,116,1397,1901,504,1397,1222,117,403,29,240,355,5,830,371,76,0,462,10040,20115,1,1014,0,57,44152,397.5583907
JHARKHAND,2005,29353993,22776765,6577228,14397548,58.64,79714,1523,1084,87,753,5,748,621,283,338,592,49,732,1610,6195,1181,5014,2524,243,643,19,202,3078,257,293,36,590,4,1490,12550,35175,277,2519,332,97,81144,276.4325794
KARNATAKA,2005,56162619,37129477,19033142,34519906,66.18,191791,1609,1406,80,343,0,343,589,312,277,208,119,1202,5986,17008,5920,11088,6151,434,2909,133,238,20883,261,1585,71,1883,0,243,54239,117580,1780,2850,214,191,258135,459.6206598
KERALA,2005,32459895,24007374,8452521,26545742,92.3,38863,388,341,88,478,0,478,226,129,97,110,158,621,4110,5454,1969,3485,6535,361,3261,79,456,18302,21,2339,175,3283,0,34,57530,104350,345,5440,75,386,221104,681.1605521
LAKSHADWEEP,2005,62162,34511,27650,47831,89.62,32,1,0,0,0,0,0,0,0,0,0,0,0,2,7,0,7,6,0,0,0,0,4,0,0,0,0,0,0,22,42,0,7601,0,0,7692,12374.11924
MADHYA PRADESH,2005,32661840,48057319,17190521,36096005,73.68,308245,2405,2512,134,2921,0,2921,847,604,243,147,130,1557,11192,20685,6390,14295,2573,613,1292,51,817,33803,739,6426,792,2989,3,4593,91951,189172,4356,5,1498,3721,412377,1262.565122
MAHARASHTRA,2005,45530460,59359481,43716884,71001282,78.99,307713,2621,1614,98,1545,0,1545,1194,851,343,641,307,2411,15615,46851,12189,34662,6779,1720,6391,385,1123,30017,341,3228,919,6233,0,9608,47386,187027,865,15299,267,2305,442380,971.6132892
MANIPUR,2005,2388775,1707656,685080,1549711,73.23,22327,256,252,4,25,0,25,106,69,37,4,0,8,62,243,92,151,35,52,122,10,155,295,0,25,0,20,0,5,1234,2913,0,14555,26,20,20801,870.7810489
MEGHALAYA,2005,2576896,2073620,503276,1408727,66.9,22429,134,35,2,63,0,63,48,19,29,81,1,95,148,476,116,360,42,18,39,3,70,135,1,44,0,3,0,61,381,1880,0,188,0,81,4616,179.1302404
MIZORAM,2005,969549,488919,480630,736137,89.8,21081,24,24,5,37,0,37,13,0,13,3,0,6,442,777,0,777,35,11,58,5,20,77,4,49,4,0,0,4,558,2156,0,171,0,74,5384,555.3097368
NAGALAND,2005,1986262,1640687,345575,1216367,70.24,1483,87,26,8,17,0,17,26,9,17,12,0,80,93,294,97,197,8,17,41,5,4,35,0,7,0,0,0,37,252,1049,0,33,0,0,2468,124.2534973
ODISHA,2005,38861739,33012918,5848821,22599271,67.06,155707,1079,1279,48,799,0,799,641,547,94,184,50,998,3029,6743,1626,5117,1515,301,1040,31,386,5919,334,2238,184,1671,0,3034,20182,51685,1439,34,349,86,113461,291.9606866
PUDUCHERRY,2005,1082393,361109,721283,800744,83.02,479,19,24,8,6,0,6,6,3,3,1,0,5,67,466,235,231,159,8,41,0,9,857,4,60,26,6,0,224,2579,4575,14,5387,0,8,15037,1389.236627
PUNJAB,2005,25697094,16984206,8712888,16337037,72.03,50362,713,723,216,398,0,398,478,329,149,27,103,85,1933,2924,1151,1773,1,306,2934,73,55,4267,99,308,43,729,0,2283,8438,27136,140,139,0,210,58561,227.8895816
RAJASTHAN,2005,61352718,46980795,14371922,31931319,62.67,342239,1221,1920,59,993,0,993,1993,1549,444,41,79,590,5227,17898,6723,11175,2290,613,8341,88,648,22606,361,2503,28,5997,0,5872,61549,140917,542551,2167,967,580,848983,1383.774065
SIKKIM,2005,567586,505353,62232,318462,72.24,7096,8,16,2,18,0,18,3,2,1,2,0,4,85,81,5,76,19,4,44,2,3,99,0,38,0,4,0,53,67,552,7,12686,0,25,13924,2453.19652
TAMIL NADU,2005,66298991,37050074,29248917,45049730,76.11,130058,1440,1759,28,571,1,570,1029,783,246,73,0,437,3738,15851,3583,12268,2551,239,2694,40,495,31725,215,1764,665,1650,0,8902,86494,162360,1206,47,24,288,343736,518.4633956
TRIPURA,2005,3387935,2811764,576971,2335173,75.84,10486,121,56,1,162,0,162,85,43,42,22,0,61,170,325,62,263,148,32,59,16,35,429,34,161,1,439,0,188,811,3356,38,4641,9,28,12000,354.1980587
UTTAR PRADESH,2005,179551343,142150559,37400784,91190592,60.42,240928,5711,5637,1520,1217,0,1217,2955,2256,699,286,89,2049,4556,20695,8647,12048,3926,2524,4556,261,398,10379,1564,1835,2881,4505,0,7406,37158,122108,4397,964,11,1801,276256,153.8590552
UTTARAKHAND,2005,9140310,6803237,2337073,5815850,74.22,53483,279,202,30,133,0,133,203,125,78,48,0,159,521,1630,533,1097,433,144,396,22,24,745,63,100,89,272,0,462,2078,8033,99,15677,1,76,33885,370.7204679
WEST BENGAL,2005,84644813,60980703,23664109,52933153,71.7,88752,1453,434,408,1686,0,1686,1207,1039,168,211,1221,426,739,12124,2435,9689,2635,528,1760,107,92,4125,446,1572,54,6936,61,2737,25444,66406,12,1034,7,236,149118,176.1690938
A& N ISLANDS,2006,368367,248036,120331,273708,83.3,8249,4,4,1,6,0,6,5,5,0,0,0,5,82,101,6,95,10,3,15,4,9,78,0,14,4,7,0,2,322,676,0,16432,1,9,17906,4860.913165
ANDHRA PRADESH,2006,80395392,58603465,21791927,45245542,63.4,275045,2766,1860,123,1049,1,1048,2030,1329,701,178,3,679,8304,23510,5313,18197,2916,1007,8363,324,1012,47946,519,4534,2411,9164,0,11489,43722,173909,3891,80,753,1386,380517,473.3069776
ARUNACHAL PRADESH,2006,1240290,975930,264360,625395,59.3,83743,60,33,3,37,0,37,75,51,24,28,0,74,257,451,74,377,6,61,38,9,20,415,1,63,2,14,0,82,565,2294,0,21796,32,27,27006,2177.393997
ASSAM,2006,28912400,25213183,3699217,16596666,67.2,78438,1207,414,32,1244,0,1244,1825,1544,281,319,12,544,2911,7820,1362,6458,2684,461,905,98,488,5290,105,1290,10,2548,0,3022,10444,43673,282,175,49,252,98993,342.3894246
BIHAR,2006,93401573,83611433,9790141,41807065,53.7,94163,3249,3303,326,1232,0,1232,2619,1084,1535,1001,140,2169,3531,11752,2023,9729,8259,1054,2171,97,785,12674,1188,530,53,1689,42,2860,39941,100665,2043,8082,66,66,227190,243.2400148
CHANDIGARH,2006,977661,100041,877620,724342,83.9,114,12,21,8,19,0,19,65,57,8,1,3,34,189,1234,529,705,44,59,232,3,5,55,10,20,13,102,0,14,983,3126,2,7335,0,64,14971,1531.307887
CHHATTISGARH,2006,23187000,18570889,4616111,13276536,66.31,135191,1098,825,15,995,0,995,239,178,61,160,24,439,3507,5262,1623,3639,905,137,507,33,262,6722,103,1598,143,717,1,2239,19246,45177,444,135,615,1238,99282,428.1795834
D & N HAVELI,2006,281672,217035,64637,163567,66.46,491,9,0,1,6,0,6,18,14,4,5,0,5,41,61,13,48,8,30,10,1,5,35,1,5,1,5,0,16,172,435,2,3943,3,15,4918,1746.002443
DAMAN & DIU,2006,200558,124723,75835,148003,82.53,112,9,0,1,6,0,6,18,14,4,5,0,5,41,61,13,48,8,30,10,1,5,35,1,5,1,5,0,16,172,435,1,25,3,3,987,492.1269658
DELHI,2006,15301871,1042549,14259322,11201266,83.92,16579,476,510,75,623,0,623,1442,1066,376,14,200,541,1950,17498,9366,8132,87,442,2313,42,33,1818,137,718,144,1728,0,367,26805,57963,21,9,0,2160,137679,899.7527165
GOA,2006,1402696,705168,697528,1075525,84.06,3702,39,17,1,21,0,21,16,10,6,7,0,17,252,494,223,271,63,35,55,9,38,170,0,18,7,14,0,233,698,2204,4,3859,0,54,8856,631.355618
GUJARAT,2006,55527323,34840287,20687036,35460554,78.2,196024,1165,471,24,354,0,354,1128,945,183,290,12,970,5530,18475,7188,11287,1534,1246,1529,196,321,10685,50,736,138,4977,0,4339,66802,120972,995,116,156,977,264145,475.7027455
HARYANA,2006,23248823,16496876,6751947,14346333,72.78,44212,873,585,59,608,0,608,635,431,204,104,224,410,4001,10518,6300,4218,1142,750,1424,35,156,5135,255,486,491,2254,0,1350,19014,50509,408,8564,0,462,122213,525.6739234
HIMACHAL PRADESH,2006,6467205,5829598,637607,4540679,75.98,55673,111,78,20,113,0,113,130,109,21,7,0,29,754,812,214,598,566,137,129,4,115,1261,3,275,31,259,0,499,7760,13093,94,5052,2,136,32525,502.9220506
JAMMU & KASHMIR,2006,11346313,8523769,2822544,5937260,67.52,222236,487,854,40,250,0,250,789,723,66,10,0,112,1351,1937,554,1383,1197,123,463,35,203,376,10,960,347,135,0,222,10886,20787,1,976,0,85,45612,401.9984289
JHARKHAND,2006,29956034,23232934,6723100,15052635,59.98,79714,1492,1078,97,799,0,799,635,410,225,536,45,779,1428,6173,1146,5027,2650,319,833,34,178,3055,281,414,44,668,5,1154,13667,36364,333,2289,268,112,83337,278.197708
KARNATAKA,2006,56990633,37689588,19301046,35541142,66.21,191791,1627,1484,68,400,0,400,563,328,235,202,247,1349,5967,14901,5759,9142,6183,471,2910,139,268,19488,244,1683,38,2129,0,534,56815,117710,1730,2740,205,276,256235,449.6089735
KERALA,2006,32614526,24115605,8498921,26810756,92.67,38863,393,347,87,601,0,601,294,202,92,129,125,691,4245,5431,2014,3417,6365,299,3316,68,435,19105,25,2543,222,3708,0,49,56777,105255,364,5747,88,553,223588,685.5472926
LAKSHADWEEP,2006,62540,34719,27821,48618,90.38,32,0,2,0,0,0,0,0,0,0,0,0,0,2,17,1,16,12,0,0,0,4,5,0,0,0,1,0,0,37,80,0,7906,1,0,8084,12926.12728
MADHYA PRADESH,2006,39317794,48976429,17496365,37221866,76.4,308245,2309,2370,138,2900,0,2900,808,617,191,151,121,1770,10960,21733,7552,14181,2308,519,1522,38,815,34709,764,6243,762,2989,0,4823,95959,194711,4214,4,1501,3939,424521,1079.717239
MAHARASHTRA,2006,56670879,60254939,44370861,72760117,79.54,307713,2656,1680,100,1500,1,1499,1261,921,340,663,323,2574,15877,46473,12741,33732,7453,1726,6234,317,1188,29407,387,3479,984,6738,1,10933,49834,191788,1053,14866,239,2841,451809,797.2507361
MANIPUR,2006,2444272,1736865,712358,1609505,73.93,22327,205,265,4,40,0,40,130,79,51,2,27,8,55,290,105,185,60,40,82,9,109,296,0,42,0,10,0,3,1207,2884,0,15485,1,54,21768,890.5719167
MEGHALAYA,2006,2641415,2125847,515568,1471440,68.03,22429,157,42,8,74,0,74,57,25,32,57,4,65,140,470,135,335,7,16,83,7,28,138,6,57,0,13,0,68,438,1935,0,211,0,71,4753,179.9414329
MIZORAM,2006,989794,499258,490536,754810,90.06,21081,25,19,7,72,0,72,6,1,5,7,0,10,422,758,60,698,0,30,78,10,25,72,0,51,0,1,0,26,454,2073,0,205,0,35,5222,527.5845277
NAGALAND,2006,1985319,1639047,346272,1237379,71.5,1483,123,46,8,23,0,23,31,3,28,16,0,84,70,327,113,214,7,18,37,10,16,50,0,3,2,3,0,28,201,1103,0,34,0,14,2635,132.7242624
ODISHA,2006,39376009,33444292,5931717,23289825,68.09,155707,1159,752,36,985,0,985,704,577,127,239,76,1184,3120,6567,1571,4996,1535,313,1364,16,371,6226,457,2415,247,694,12,2945,21375,52792,1153,28,,154,115175,292.5004411
PUDUCHERRY,2006,1109405,369955,739450,826838,83.47,479,30,24,3,9,0,9,18,13,5,2,0,3,84,560,320,240,194,6,36,2,22,927,3,56,39,19,0,209,2441,4687,14,5804,,25,15804,1424.547393
PUNJAB,2006,26031618,17206135,8825483,16732054,72.64,50362,817,898,165,442,0,442,591,418,173,35,90,142,2277,3946,1561,2385,3,281,3393,66,68,5104,130,314,60,801,2,2919,9524,32068,184,163,,329,69791,268.1008918
RAJASTHAN,2006,62564100,47902791,14661309,32988646,63.25,342239,1209,1694,79,1085,0,1085,1970,1553,417,37,97,631,5085,17889,7276,10613,1767,694,10191,56,551,21296,394,2582,31,7038,3,6234,61379,141992,545877,2643,,951,854399,1365.637802
SIKKIM,2006,574270,511447,62823,339544,73.67,7096,21,16,2,20,0,20,8,7,1,0,0,9,84,113,8,105,12,10,37,1,1,96,0,14,0,6,0,39,214,703,2,14046,,35,15630,2721.716266
TAMIL NADU,2006,67272319,37582172,29690147,46181026,76.79,130058,1363,1599,20,457,0,457,906,718,188,95,4,450,3300,13651,2877,10774,1838,194,2116,63,460,14067,187,1179,852,1248,0,10792,94131,148972,991,53,,353,314355,467.2872954
TRIPURA,2006,3435118,2851342,584776,2413441,76.52,10486,154,52,1,189,0,189,105,62,43,18,1,71,182,392,31,361,154,23,84,12,35,464,35,207,0,471,0,199,1091,3940,14,6219,,41,14840,432.0084492
UTTAR PRADESH,2006,182889699,144773614,38116085,95058420,61.5,240928,5480,4997,1543,1314,0,1314,3318,2551,767,218,86,2024,4577,20447,9621,10826,3774,2509,5142,278,299,10412,1798,2096,2714,5204,0,7235,41536,127001,4960,1067,,1767,286875,156.8568386
UTTARAKHAND,2006,9303051,6926478,2376573,5993368,74.88,53483,274,215,40,147,0,147,212,183,29,31,2,157,470,1696,525,1171,489,95,514,14,39,854,80,153,113,358,0,524,1935,8412,68,20141,,51,39139,420.7114419
WEST BENGAL,2006,85761967,61788643,23973324,54367341,72.48,88752,1425,672,401,1731,0,1731,1355,1199,156,177,1263,426,601,12532,2714,9818,2385,519,1947,135,111,6299,445,1837,63,7414,1,3039,23274,68052,13,1086,,432,153253,178.6957615
A& N ISLANDS,2007,370809,249652,121158,277823,83.7,8249,15,19,1,3,0,3,12,9,3,5,0,9,90,112,8,104,17,7,23,1,11,99,1,21,2,18,0,4,337,807,0,20779,,10,22530,6075.904307
ANDHRA PRADESH,2007,81232469,59243945,21988524,46307785,64.03,275045,2665,1885,135,1070,0,1070,2097,1564,533,170,6,614,7677,24391,6183,18208,1998,869,8103,224,1176,46122,613,4406,3316,11335,0,12629,43586,175087,3383,91,,1499,382705,471.1231909
ARUNACHAL PRADESH,2007,1268754,997099,271655,653517,60.3,83743,68,29,2,48,0,48,68,44,24,16,0,75,240,513,116,397,16,41,33,10,22,375,0,72,1,20,0,82,555,2286,0,23224,,4,28429,2240.702295
ASSAM,2007,29363774,25612562,3751212,17112928,68,78438,1374,451,109,1437,0,1437,1971,1471,500,299,12,496,2603,7754,1982,5772,2601,653,895,115,380,5175,100,789,10,3000,0,2875,12183,45282,126,164,,167,102183,347.9900097
BIHAR,2007,95482186,85470377,10011809,43946563,55.2,94163,3034,3113,257,1555,0,1555,2530,1260,1270,686,78,1787,3259,11795,2392,9403,7962,1326,2358,79,865,16288,1172,853,12,1635,56,3789,44931,109420,2786,9644,675,675,248500,260.2579711
CHANDIGARH,2007,993066,101625,891440,740561,84.3,114,19,26,8,22,0,22,52,46,6,2,0,37,191,1740,853,887,79,38,170,2,9,78,1,32,11,112,0,15,999,3643,0,7511,,53,16664,1678.035498
CHHATTISGARH,2007,23657639,18955456,4702183,13697213,66.85,135191,1097,747,26,982,0,982,244,181,63,115,13,427,3632,5381,1814,3567,881,150,467,64,253,6801,100,1549,111,824,0,2476,19505,45845,511,146,,1024,99978,422.6034559
D & N HAVELI,2007,293908,226436,67472,175500,68.39,491,10,2,0,7,0,7,9,6,3,1,0,3,28,87,19,68,39,17,10,1,10,25,0,0,0,3,0,12,161,425,0,3976,,11,4940,1680.798073
DAMAN & DIU,2007,209028,129496,79532,156084,83.43,112,10,2,0,7,0,7,9,6,3,1,0,3,28,87,19,68,39,17,10,1,10,25,0,0,0,3,0,12,161,425,0,19,,3,975,466.4446868
DELHI,2007,15592144,1062113,14530030,11508566,84.38,16579,495,530,94,598,0,598,1688,1167,521,34,229,557,2055,17037,8874,8163,87,451,2336,41,31,1736,138,868,167,1787,0,252,24854,56065,24,9,,2019,133505,856.2324719
GOA,2007,1413701,710783,702918,1093517,84.48,3702,33,23,7,20,0,20,12,7,5,7,0,22,292,494,207,287,70,36,55,10,24,150,2,20,7,14,0,247,934,2479,0,4218,,70,9772,691.2352754
GUJARAT,2007,56498584,35460191,21038393,36587115,80.15,196024,1166,494,21,316,0,316,1312,1089,223,245,10,1095,4870,18164,8022,10142,1668,1139,1116,286,330,10989,42,822,120,5827,0,4831,68332,123195,1040,140,,1110,268472,475.1835904
HARYANA,2007,23669674,16790399,6879275,14796864,73.79,44212,911,592,72,488,0,488,801,554,247,139,266,502,4231,11047,6499,4548,1173,726,1232,33,142,5031,269,417,409,2412,0,1545,19159,51597,252,7966,,325,124073,524.1855042
HIMACHAL PRADESH,2007,6545065,5899054,646012,4640490,75.88,55673,127,57,9,159,0,159,171,150,21,5,0,23,877,1092,264,828,649,132,212,11,141,1318,8,322,33,342,0,597,7937,14222,129,5216,,151,35362,540.2849322
JAMMU & KASHMIR,2007,11586836,8703110,2883725,6163254,70.2,222236,318,669,23,288,0,288,758,707,51,18,0,111,1460,2086,514,1572,1209,121,489,31,186,374,9,986,353,176,0,243,11535,21443,2,945,,26,46991,405.5550627
JHARKHAND,2007,30558074,23689103,6868971,15707722,61.35,79714,1617,1076,92,855,0,855,762,534,228,524,40,771,1495,7091,1784,5307,2565,448,814,19,160,3783,303,342,15,801,0,1019,13897,38489,538,2613,,74,88911,290.9574733
KARNATAKA,2007,57818647,38249698,19568949,36562378,66.24,191791,1538,1251,55,436,1,435,680,390,290,178,242,1313,5449,14351,5887,8464,5783,400,3600,124,262,18963,251,1828,28,2507,0,514,60853,120606,1844,2606,,266,261395,452.0946331
KERALA,2007,32769156,24223836,8545320,27075770,92.97,38863,367,402,92,512,0,512,255,177,78,121,157,869,4100,5609,2113,3496,7358,394,4215,54,398,18975,27,2624,262,3999,0,59,57681,108530,477,6618,,487,231018,704.9861156
LAKSHADWEEP,2007,62917,34926,27992,49405,91.14,32,0,2,0,1,0,1,0,0,0,0,0,0,2,20,2,18,1,0,0,0,0,0,0,2,0,2,0,0,26,56,0,7703,,0,7836,12454.50355
MADHYA PRADESH,2007,45973748,49895539,17802209,38347727,79.2,308245,2244,2423,155,3010,0,3010,922,701,221,143,109,1975,11230,22396,8915,13481,2648,531,1661,38,909,36643,742,6772,780,3294,0,5754,98007,202386,4106,1,,4290,439497,955.973831
MAHARASHTRA,2007,67811298,61150397,45024837,74518951,80.09,307713,2693,1615,113,1451,0,1451,1312,967,345,716,405,2770,15607,47681,13895,33786,7993,1715,6235,270,1267,29622,436,3306,1039,7356,0,11946,50159,195707,1166,15716,,2707,461447,680.4869006
MANIPUR,2007,2499769,1766073,739635,1669299,74.63,22327,240,377,2,20,0,20,150,83,67,3,146,11,70,454,150,304,70,19,93,4,63,377,0,70,0,15,0,1,1074,3259,0,14726,,49,21917,876.7610127
MEGHALAYA,2007,2705933,2178074,527859,1534153,69.18,22429,114,49,8,82,0,82,52,22,30,55,1,56,203,500,91,409,33,17,164,12,36,124,2,45,1,19,0,68,438,2079,0,194,,71,5057,186.8856324
MIZORAM,2007,1010038,509596,500442,773483,90.32,21081,43,21,4,83,0,83,4,0,4,0,0,5,457,808,64,744,1,20,66,16,38,85,0,66,0,2,0,34,330,2083,0,236,,64,5361,530.7721096
NAGALAND,2007,1984376,1637407,346969,1258390,72.78,1483,111,50,8,13,0,13,17,6,11,7,0,75,118,360,194,166,15,13,34,8,5,52,0,8,1,0,0,43,242,1180,5,28,109,7,2899,146.091265
ODISHA,2007,39890279,33875666,6014613,23980379,69.14,155707,1210,1105,22,939,0,939,801,660,141,247,42,1273,3073,6830,1733,5097,1983,319,1263,30,411,7478,461,2775,241,728,0,3771,19870,54872,1355,46,394,201,120310,301.6023027
PUDUCHERRY,2007,1136416,378801,757616,852932,83.92,479,34,42,2,9,0,9,20,14,6,1,2,8,86,787,498,289,145,6,45,1,18,904,2,89,32,17,0,267,2537,5054,25,6958,0,23,17930,1577.767296
PUNJAB,2007,26366141,17428064,8938077,17127070,73.25,50362,760,893,170,519,0,519,760,545,215,37,92,138,2616,5173,2084,3089,1,329,3581,68,96,5663,133,427,48,971,0,2801,10517,35793,177,117,0,527,78859,299.0919301
RAJASTHAN,2007,63775482,48824787,14950696,34045973,63.83,342239,1303,1772,64,1238,0,1238,2177,1694,483,71,81,778,5164,19345,8258,11087,1626,825,11919,56,675,19720,439,2477,28,8170,0,7096,63846,148870,571146,2580,1110,1252,896588,1405.850606
SIKKIM,2007,580953,517540,63414,360625,75.12,7096,9,14,3,24,0,24,9,9,0,0,0,6,83,118,11,107,15,7,34,3,1,95,0,13,0,7,0,34,192,667,10,14309,13,31,15848,2727.931519
TAMIL NADU,2007,68245646,38114270,30131376,47312322,77.48,130058,1633,2078,28,523,0,523,1270,1097,173,88,33,495,3717,13217,2901,10316,2375,261,2510,74,653,16967,208,1540,875,1976,0,11485,110748,172754,1743,48,17,441,362767,531.5606508
TRIPURA,2007,3482300,2890919,592581,2491709,77.2,10486,138,58,2,157,0,157,113,81,32,14,2,64,193,411,55,356,142,42,85,10,23,546,36,244,4,545,0,203,1241,4273,8,6267,6,63,15571,447.1470005
UTTAR PRADESH,2007,186228055,147396669,38831386,98926247,62.6,240928,5000,4424,1616,1648,0,1648,4478,3363,1115,437,82,2169,5057,22816,10859,11957,4495,3639,8399,337,268,10694,2076,2522,2882,7650,0,7655,51914,150258,6144,1415,4,2248,339269,182.1793177
UTTARAKHAND,2007,9465791,7049719,2416072,6170885,75.55,53483,268,228,50,117,0,117,253,227,26,46,6,173,548,1593,565,1028,459,163,697,39,37,886,70,146,63,463,0,608,2686,9599,71,23188,1,101,44522,470.3463239
WEST BENGAL,2007,86879120,62596582,24282539,55801529,73.27,88752,1652,877,394,2106,0,2106,1800,1590,210,146,1150,427,399,13747,2421,11326,3727,672,2406,127,121,6909,451,2281,99,9900,5,3803,27903,81102,4,1148,5,361,181375,208.7670778
A& N ISLANDS,2008,373252,251268,121984,281937,84.1,8249,8,11,2,12,0,12,17,13,4,0,0,14,78,128,11,117,16,12,19,1,15,107,2,24,3,26,0,4,383,882,0,23196,3,47,25167,6742.629644
ANDHRA PRADESH,2008,82069546,59884424,22185122,47370029,64.6,275045,2690,1942,165,1257,0,1257,1970,1396,574,110,11,623,8332,25362,7297,18065,1930,990,8393,379,1021,48167,556,4730,3551,10306,0,12861,43929,179275,3998,82,750,1321,393290,479.215518
ARUNACHAL PRADESH,2008,1297218,1018267,278951,681639,61.3,83743,72,37,2,42,0,42,79,47,32,14,0,79,245,445,60,385,18,43,28,1,10,479,0,72,1,13,0,104,590,2374,0,24757,63,24,30158,2324.821271
ASSAM,2008,29815149,26011941,3803208,17629190,68.8,78438,1426,417,71,1438,0,1438,2239,1789,450,312,74,568,3147,8012,2101,5911,2600,680,996,91,443,6107,103,1272,2,3478,0,2259,17598,53333,104,190,130,183,118962,398.9985091
BIHAR,2008,97562799,87329322,10233477,46086060,56.7,94163,3139,2954,386,1302,0,1302,3047,1789,1258,686,60,1592,3414,13206,2675,10531,8099,1352,2741,69,772,16644,1210,999,21,1992,22,4592,54370,122669,3617,11493,766,766,279535,286.51802
CHANDIGARH,2008,1008471,103209,905261,756780,84.7,114,17,28,6,20,0,20,50,42,8,1,4,23,257,1991,1094,897,85,37,213,0,2,73,3,19,2,49,0,11,1040,3931,2,7450,0,66,17441,1729.44983
CHHATTISGARH,2008,24128278,19340022,4788256,14117890,67.39,135191,1169,736,18,978,0,978,273,216,57,124,17,500,4112,6079,2122,3957,1144,169,562,71,302,8565,106,1621,125,897,0,2800,21074,51442,384,138,424,1167,112327,465.5408894
D & N HAVELI,2008,306144,235838,70307,187432,70.37,491,9,2,0,6,0,6,17,11,6,1,0,0,49,54,18,36,24,10,24,1,6,26,0,4,0,4,0,10,154,401,1,4157,10,17,5064,1654.12355
DAMAN & DIU,2008,217499,134269,83230,164164,84.34,112,9,2,0,6,0,6,17,11,6,1,0,0,49,54,18,36,24,10,24,1,6,26,0,4,0,4,0,10,154,401,0,29,0,4,912,419.3122727
DELHI,2008,15882417,1081678,14800739,11815866,84.84,16579,554,389,66,466,0,466,1567,1136,431,24,134,541,1926,18867,11020,7847,71,355,1493,41,41,1936,129,611,130,1387,0,726,17896,49350,34,8,0,1854,121496,764.9717294
GOA,2008,1424707,716399,708308,1111510,84.9,3702,49,25,11,30,0,30,36,28,8,3,0,23,302,601,238,363,102,47,105,22,27,185,2,32,12,12,0,230,886,2742,4,4475,1,80,10711,751.8037042
GUJARAT,2008,57469845,36080095,21389750,37713676,82.15,196024,1106,487,35,374,0,374,1323,1119,204,256,14,1322,5053,20715,9947,10768,1809,1167,1167,190,363,10897,27,828,122,6094,0,4934,65525,123808,229,124,223,1074,271678,472.731395
HARYANA,2008,24090526,17083922,7006604,15247395,74.82,44212,921,616,92,631,0,631,854,644,210,120,257,555,4249,12709,7674,5035,1184,763,1150,40,139,4504,302,435,605,2435,0,1323,21460,55344,110,8095,0,269,133356,553.5620102
HIMACHAL PRADESH,2008,6622926,5968510,654417,4740302,75.78,55673,129,59,5,157,0,157,151,137,14,6,0,20,885,1152,332,820,627,137,248,11,127,1258,3,295,41,343,0,485,7837,13976,10,5494,0,205,35121,530.294314
JAMMU & KASHMIR,2008,11827358,8882452,2944906,6389249,73,222236,237,570,31,219,0,219,704,656,48,3,0,67,1347,2198,689,1509,1782,87,392,23,230,273,21,935,296,162,0,293,10734,20604,0,1027,0,10,45366,383.5683337
JHARKHAND,2008,31160115,24145272,7014843,16362809,62.76,79714,1697,1061,112,791,0,791,792,499,293,416,50,761,1375,7269,2165,5104,2576,269,900,24,164,2826,266,271,23,851,39,1310,14843,38686,598,2605,231,71,89729,287.9610682
KARNATAKA,2008,58646661,38809809,19836852,37583614,66.27,191791,1698,1475,81,446,0,446,758,405,353,270,248,1615,6258,17820,8960,8860,6013,424,3669,118,265,19159,259,1954,44,2638,1,572,61755,127540,2392,2664,400,388,279948,477.3468689
KERALA,2008,32923786,24332067,8591719,27340783,93.34,38863,362,434,95,568,0,568,253,166,87,91,267,816,3882,5818,1981,3837,8057,435,3659,46,389,19178,31,2745,258,4138,0,37,59061,110620,519,7488,106,549,236541,718.4501807
LAKSHADWEEP,2008,63295,35133,28163,50192,91.91,32,1,0,0,2,0,2,1,1,0,0,0,0,3,8,1,7,12,0,0,0,2,12,0,0,0,1,0,0,53,95,0,9110,0,0,9311,14710.48266
MADHYA PRADESH,2008,52629702,50814649,18108053,39473587,82.13,308245,2322,2282,204,2937,0,2937,929,736,193,160,124,2234,11072,24583,10533,14050,2768,570,1368,47,898,36344,805,6445,758,3185,0,6008,100513,206556,2965,0,1071,4259,449856,854.7568823
MAHARASHTRA,2008,78951716,62045856,45678813,76277786,80.65,307713,2795,1837,111,1558,0,1558,1379,998,381,811,274,3031,16004,52860,16900,35960,9388,1880,7296,405,1288,29742,390,3619,1091,7829,0,12472,50183,206243,1192,16382,268,2709,488834,619.1556368
MANIPUR,2008,2555266,1795282,766913,1729093,75.34,22327,187,498,4,38,0,38,176,87,89,1,212,7,76,446,223,223,48,24,161,3,41,301,1,57,0,28,0,2,1038,3349,0,15391,1,89,22839,893.8012716
MEGHALAYA,2008,2770452,2230301,540150,1596866,70.35,22429,126,55,6,88,0,88,56,25,31,63,0,65,168,669,137,532,8,32,104,10,28,204,2,54,4,32,0,64,480,2318,0,190,0,62,5701,205.778696
MIZORAM,2008,1030282,519934,510348,792156,90.58,21081,35,10,6,77,0,77,9,1,8,4,0,6,338,747,27,720,1,34,57,15,18,118,0,78,0,5,0,53,378,1989,0,258,0,22,5091,494.1365568
NAGALAND,2008,1983432,1635766,347666,1279401,74.09,1483,143,47,13,19,0,19,44,7,37,6,0,87,127,345,182,163,4,16,31,4,14,46,0,15,1,4,0,44,192,1202,0,46,0,3,2861,144.244925
ODISHA,2008,40404549,34307040,6097509,24670933,70.21,155707,1250,1415,84,1113,0,1113,908,762,146,305,67,1345,3100,7419,1975,5444,2721,342,1244,26,869,7013,401,2782,282,1618,0,3535,18916,56755,1836,43,508,141,125478,310.5541408
PUDUCHERRY,2008,1163428,387647,775782,879026,84.38,479,35,35,3,8,0,8,17,9,8,10,3,10,90,688,443,245,165,13,53,2,9,873,2,65,21,12,0,207,2668,4989,29,7161,0,26,17907,1539.158418
PUNJAB,2008,26700665,17649994,9050671,17522087,73.87,50362,769,956,146,517,0,517,718,514,204,40,122,167,2621,5563,2182,3381,1,236,3192,78,75,5597,128,388,49,984,0,2845,10122,35314,101,93,0,389,78009,292.1612627
RAJASTHAN,2008,64986865,49746782,15240083,35103300,64.42,342239,1297,1649,54,1355,0,1355,2358,1863,495,64,77,829,4736,20411,9857,10554,1390,737,12097,51,615,21117,439,2520,19,8113,0,7322,63924,151174,581100,2563,1038,1223,912396,1403.969864
SIKKIM,2008,587637,523633,64004,381707,76.6,7096,9,7,3,20,0,20,4,4,0,1,0,7,81,127,9,118,17,6,46,0,23,100,0,19,0,5,0,40,215,730,17,17145,12,24,18809,3200.785519
TAMIL NADU,2008,69218974,38646368,30572606,48443618,78.17,130058,1759,2327,28,573,0,573,1375,1160,215,100,66,662,3849,15019,3722,11297,2811,231,2349,599,610,20529,207,1705,974,1648,0,12328,107084,176833,1618,40,14,666,372971,538.827692
TRIPURA,2008,3529483,2930497,600386,2569978,77.89,10486,155,53,2,204,0,204,146,110,36,13,3,95,218,499,43,456,197,42,92,23,47,924,16,346,4,735,0,195,1327,5336,4,5126,14,163,16828,476.7837102
UTTAR PRADESH,2008,189566410,150019724,39546686,102794074,63.72,240928,4564,4233,1493,1871,0,1871,5428,4439,989,313,76,2097,5418,25946,12064,13882,4381,4296,9327,420,228,11683,2237,2955,3374,8312,0,10102,60242,168996,8009,1515,9,4078,384848,203.0148696
UTTARAKHAND,2008,9628531,7172959,2455572,6348402,76.22,53483,223,217,40,87,0,87,247,222,25,16,2,144,423,1622,726,896,509,171,463,31,15,937,73,120,306,340,0,590,2280,8856,42,22941,0,38,42689,443.3594283
WEST BENGAL,2008,87996274,63404521,24591753,57235717,74.07,88752,1811,1732,488,2263,0,2263,2332,1907,425,184,1055,613,462,17334,2593,14741,5425,876,2938,148,150,9033,451,2396,94,13663,5,3789,38177,105419,19,1181,17,513,234497,266.4851469
A& N ISLANDS,2009,375695,252884,122811,286052,84.5,8249,15,4,4,18,0,18,16,14,2,0,0,11,86,134,10,124,11,7,20,2,12,89,1,30,7,21,0,2,451,941,0,26014,2,41,28107,7481.334593
ANDHRA PRADESH,2009,82906623,60524904,22381719,48432273,65.2,275045,2449,1859,134,1188,0,1188,1958,1526,432,102,27,544,7772,24692,7804,16888,2261,904,8528,461,1039,44488,546,5147,3520,11297,0,13438,48087,180441,4504,48,830,1719,395821,477.4298912
ARUNACHAL PRADESH,2009,1325682,1039436,286247,709761,62.3,83743,59,33,5,59,0,59,62,28,34,20,0,55,201,381,109,272,52,38,29,8,28,526,0,58,6,13,0,110,619,2362,0,25536,21,33,30816,2324.539369
ASSAM,2009,30266523,26411320,3855203,18145452,69.6,78438,1323,417,35,1631,0,1631,2718,2092,626,251,21,680,3149,7644,1713,5931,1808,802,1098,84,476,6547,170,1342,10,4398,1,2735,17973,55313,0,171,9,,122799,405.7254941
BIHAR,2009,99643411,89188267,10455145,48225558,58.2,94163,3152,3068,243,929,0,929,3222,1986,1236,654,64,1619,3566,15221,3674,11547,8554,1186,2676,69,685,14746,1295,726,12,2532,31,4516,54165,122931,3836,11462,1016,1016,282564,283.575198
CHANDIGARH,2009,1023876,104794,919082,772999,84.1,114,22,18,8,29,0,29,40,36,4,4,3,27,241,1731,1117,614,66,38,193,4,4,63,2,26,2,51,0,7,976,3555,0,8815,0,71,17796,1738.101098
CHHATTISGARH,2009,24598917,19724589,4874329,14538567,67.94,135191,1083,732,19,976,0,976,286,229,57,134,16,554,3975,5792,2181,3611,957,166,682,68,335,9543,128,1598,152,893,0,2735,20546,51370,284,154,376,1321,111929,455.0159668
D & N HAVELI,2009,318380,245239,73141,199365,72.41,491,10,5,1,4,0,4,12,9,3,9,0,2,43,63,21,42,53,17,20,1,5,23,0,2,1,3,0,17,151,442,1,4186,16,11,5177,1626.04435
DAMAN & DIU,2009,225970,139042,86927,172245,85.26,112,10,5,1,4,0,4,12,9,3,9,0,2,43,63,21,42,53,17,20,1,5,23,0,2,1,3,0,17,151,442,2,17,0,2,984,435.456034
DELHI,2009,16172689,1101242,15071447,12123166,85.3,16579,552,369,84,469,0,469,2536,1655,881,36,69,515,1733,21731,13224,8507,57,333,2000,47,34,1938,141,552,118,1283,0,846,14808,50251,33,5,0,2839,128115,792.1688224
GOA,2009,1435712,722014,713698,1129502,85.32,3702,53,24,11,47,0,47,33,22,11,4,0,30,294,858,336,522,50,52,132,27,24,191,3,37,10,21,0,220,884,3005,3,5193,0,92,12236,852.2600633
GUJARAT,2009,58441106,36699999,21741107,38840236,84.2,196024,1020,468,30,433,0,433,1348,1162,186,246,11,1420,4488,19669,11130,8539,1539,1256,1014,238,240,9456,24,727,114,5506,0,5178,60758,115183,243,106,195,968,253328,433.4757114
HARYANA,2009,24511378,17377446,7133932,15697926,75.86,44212,948,690,78,603,0,603,916,659,257,153,297,679,4077,12917,8449,4468,1166,827,1406,35,153,3977,281,451,605,2617,0,1549,21804,56229,97,8741,0,353,136085,555.1911443
HIMACHAL PRADESH,2009,6700787,6037965,662822,4840113,75.68,55673,125,73,13,183,0,183,150,122,28,4,0,21,784,823,327,496,591,117,264,2,124,1230,1,318,37,284,0,616,7555,13315,13,5425,1,221,33446,499.1354001
JAMMU & KASHMIR,2009,12067881,9061793,3006088,6615244,75.92,222236,237,547,23,237,0,237,873,825,48,1,0,69,1566,2631,876,1755,1472,132,475,37,217,331,12,972,371,196,0,517,11059,21975,1,995,0,18,48705,403.5919811
JHARKHAND,2009,31762156,24601442,7160715,17017895,64.2,79714,1636,1274,104,719,0,719,827,517,310,412,53,780,1392,7716,2990,4726,2312,473,910,15,203,4132,295,276,83,710,6,1678,11430,37436,631,3141,182,60,88148,277.525241
KARNATAKA,2009,59474676,39369920,20104755,38604850,66.3,191791,1702,1607,79,509,0,509,892,408,484,273,346,1825,6629,20576,11093,9483,6269,461,5079,171,293,20105,264,2186,64,3185,2,417,61108,134042,2174,2715,272,308,295530,496.9005632
KERALA,2009,33078416,24440299,8638118,27605797,93.71,38863,343,408,100,568,0,568,256,173,83,112,266,830,3554,5564,2029,3535,8086,354,3394,66,503,18274,20,2540,395,4007,0,41,68688,118369,467,8031,102,587,252313,762.7723165
LAKSHADWEEP,2009,63673,35340,28333,50979,92.69,32,0,1,0,1,0,1,0,0,0,3,0,0,1,10,5,5,44,0,0,0,2,14,0,0,0,0,0,0,58,134,0,11074,0,0,11353,17830.16349
MADHYA PRADESH,2009,59285657,51733760,18413897,40599448,85.16,308245,2386,2212,117,2998,1,2997,1036,841,195,117,156,2270,10661,23260,10705,12555,2409,575,1830,27,741,37132,858,6307,728,3983,1,6591,101367,207762,3040,0,1135,4646,451639,761.801459
MAHARASHTRA,2009,90092135,62941314,46332789,78036621,81.21,307713,2653,1880,98,1483,0,1483,1286,926,360,780,287,3314,15841,50930,18133,32797,8030,1895,7976,478,1105,28326,341,3196,1099,7681,0,12459,48460,199598,1096,16509,224,2894,473618,525.7040473
MANIPUR,2009,2610762,1824491,794191,1788888,76.06,22327,131,478,2,31,0,31,159,97,62,1,188,3,68,394,283,111,48,20,96,1,81,224,0,39,2,25,0,0,861,2852,0,15293,0,72,21653,829.374719
MEGHALAYA,2009,2834970,2282529,552441,1659579,71.54,22429,128,39,12,112,0,112,56,26,30,64,1,67,147,545,180,365,18,26,113,9,54,207,0,72,1,24,1,72,680,2448,0,247,0,83,5939,209.490753
MIZORAM,2009,1050526,530272,520254,810829,90.84,21081,31,14,8,83,1,82,9,0,9,2,0,4,381,761,77,684,1,30,61,9,24,120,0,61,1,4,0,36,407,2047,0,267,0,14,5228,497.6554602
NAGALAND,2009,1982489,1634126,348363,1300412,75.42,1483,46,35,7,22,0,22,52,10,42,8,0,92,82,347,69,278,4,6,33,3,4,38,0,11,0,0,0,34,235,1059,0,43,0,0,2582,130.2403191
ODISHA,2009,40918818,34738414,6180404,25361487,71.2,155707,1250,1231,48,1023,0,1023,930,799,131,380,63,1488,2937,7136,2521,4615,1718,258,1137,34,413,6816,384,2697,210,2047,1,2979,20560,55740,1709,39,552,194,123063,300.7491565
PUDUCHERRY,2009,1190440,396492,793948,905121,84.84,479,37,25,5,1,0,1,18,13,5,7,5,9,71,711,502,209,141,7,47,5,11,901,0,53,16,10,0,233,2278,4591,29,7534,0,21,17496,1469.708679
PUNJAB,2009,27035189,17871923,9163265,17917104,74.49,50362,853,1014,129,511,0,511,692,513,179,38,96,171,2507,5624,2713,2911,8,234,3098,63,101,5498,126,319,33,1061,0,3289,10080,35545,108,93,0,729,78847,291.645825
RAJASTHAN,2009,66198247,50668778,15529469,36160628,65.01,342239,1395,1673,80,1519,0,1519,2870,2310,560,53,57,886,5294,22144,12156,9988,1145,842,15037,59,556,21652,436,2485,24,10371,0,7898,70089,166565,639183,2793,1183,1407,1004229,1517.002406
SIKKIM,2009,594321,529726,64595,402789,78.11,7096,19,7,3,18,0,18,6,6,0,0,0,4,93,62,8,54,39,4,12,2,9,91,0,10,0,6,0,59,225,669,16,18017,14,40,19511,3282.906039
TAMIL NADU,2009,70192302,39178467,31013836,49574915,78.87,130058,1776,2325,26,596,0,596,1372,1133,239,97,34,1144,4221,15712,4973,10739,2397,215,2557,352,580,18147,194,1242,501,1460,0,13528,106215,174691,1312,39,22,634,369069,525.7969741
TRIPURA,2009,3576666,2970075,608192,2648246,78.59,10486,133,59,2,190,0,190,121,92,29,7,0,77,231,415,39,376,178,52,110,20,62,1047,29,384,5,815,0,225,1324,5486,7,5928,27,163,17823,498.3132336
UTTAR PRADESH,2009,192904766,152642779,40261987,106661901,64.86,240928,4534,4141,1439,1759,0,1759,6083,5078,1005,365,59,2285,5260,29226,16109,13117,4263,3917,8845,339,254,10934,2232,2782,2524,8566,0,12159,60918,172884,7522,1676,4,3085,395123,204.8280134
UTTARAKHAND,2009,9791271,7296200,2495072,6525919,76.9,53483,195,185,51,111,0,111,275,247,28,35,7,179,363,1601,735,866,466,156,544,43,17,1198,94,119,249,361,0,685,1868,8802,58,20030,0,33,39712,405.5857508
WEST BENGAL,2009,89113428,64212460,24900968,58669905,74.88,88752,2068,2119,931,2336,0,2336,2750,2187,563,214,724,751,329,17133,3709,13424,6700,918,3298,153,344,11196,506,1942,108,16112,5,3623,38776,113036,21,1069,16,484,249881,280.4077967
A& N ISLANDS,2010,378138,254501,123637,290166,84.9,8249,9,7,4,24,0,24,10,8,2,1,0,7,80,121,22,99,11,10,56,0,12,80,0,31,10,9,0,9,489,980,0,28919,1,51,31086,8220.808276
ANDHRA PRADESH,2010,83743700,61165383,22578317,49494516,65.8,275045,2538,1953,155,1362,0,1362,2053,1531,522,134,2,550,8200,26756,7422,19334,2231,1130,9164,186,925,46777,588,4634,4562,12080,0,14085,41373,181438,4321,47,807,1823,400045,477.7016062
ARUNACHAL PRADESH,2010,1354147,1060604,293542,737883,63.3,83743,75,34,3,47,0,47,67,46,21,15,0,69,211,445,139,306,31,59,91,0,28,439,0,84,1,12,0,106,622,2439,0,25167,54,20,30678,2265.48521
ASSAM,2010,30717898,26810699,3907199,18661715,70.4,78438,1223,431,46,1721,5,1716,3250,2767,483,248,12,662,3458,7860,2124,5736,2183,992,1371,68,437,5744,175,1400,20,5410,0,2847,22110,61668,7,200,3,197,136574,444.6072449
BIHAR,2010,101724024,91047211,10676813,50365055,59.8,94163,3362,2915,344,795,0,795,3674,2569,1105,644,46,1538,3437,15544,4257,11287,8809,1071,3025,52,660,15328,1257,534,16,2271,8,5615,56508,127453,3516,13470,1843,1843,295591,290.5813085
CHANDIGARH,2010,1039281,106378,932903,789219,84.5,114,21,30,9,31,0,31,38,28,10,5,6,67,236,1481,898,583,65,23,163,3,9,65,5,29,4,41,0,6,1036,3373,0,9836,0,59,18191,1750.344709
CHHATTISGARH,2010,25069557,20109155,4960401,14959245,68.49,135191,1065,756,30,1012,0,1012,359,279,80,122,15,552,3711,5805,2139,3666,1092,196,813,59,319,10188,115,1706,182,861,2,2907,23091,54958,271,241,386,1463,119453,476.4862817
D & N HAVELI,2010,330617,254641,75976,211297,74.5,491,6,0,1,3,0,3,18,10,8,2,0,3,25,63,34,29,44,12,18,1,2,11,0,11,2,3,0,20,133,378,0,4208,2,13,5063,1531.379209
DAMAN & DIU,2010,234440,143816,90625,180325,86.19,112,6,0,1,3,0,3,18,10,8,2,0,3,25,63,34,29,44,12,18,1,2,11,0,11,2,3,0,20,133,378,0,14,0,2,856,365.1254052
DELHI,2010,16462962,1120807,15342156,12430467,85.76,16579,565,311,71,507,0,507,3208,1740,1468,32,31,599,1502,23088,14966,8122,53,273,1845,33,52,1925,143,601,80,1404,0,914,14055,51292,16,8,0,3630,133041,808.1231069
GOA,2010,1446718,727630,719088,1147495,85.74,3702,35,27,3,36,0,36,25,18,7,2,0,39,368,1034,359,675,64,57,117,33,23,177,1,36,16,17,0,256,927,3293,1,5920,0,79,13681,945.6576886
GUJARAT,2010,59412367,37319903,22092464,39966797,86.3,196024,1048,462,44,408,0,408,1447,1290,157,186,18,1384,4071,16794,9817,6977,1623,1214,1002,255,260,10131,19,668,110,5600,0,5907,63788,116439,195,160,155,1006,253043,425.9096427
HARYANA,2010,24932229,17670969,7261261,16148457,76.92,44212,1005,836,63,720,0,720,963,714,249,147,248,734,4445,16266,11299,4967,1414,919,1662,29,221,3733,284,476,580,2720,0,1595,20060,59120,107,9517,0,303,146116,586.0526951
HIMACHAL PRADESH,2010,6778648,6107421,671227,4939925,75.58,55673,132,74,12,160,0,160,194,162,32,2,0,11,743,838,334,504,615,110,318,4,127,1374,2,350,78,275,0,610,7020,13049,5,5922,2,246,33465,493.682516
JAMMU & KASHMIR,2010,12308403,9241135,3067269,6841238,78.95,222236,217,711,26,245,0,245,896,840,56,6,0,61,1406,2510,967,1543,2169,150,422,19,224,278,9,1038,262,211,0,494,11869,23223,1,906,0,17,51021,414.521689
JHARKHAND,2010,32364197,25057611,7306586,17672982,65.67,79714,1689,1028,82,773,0,773,978,696,282,335,19,709,1357,7090,2709,4381,2447,505,988,16,185,4271,276,245,16,650,8,1745,13477,38889,577,3322,234,54,90806,280.5754767
KARNATAKA,2010,60302690,39930031,20372659,39626086,66.33,191791,1805,1850,94,586,0,586,1374,586,788,272,300,1949,6059,20093,10840,9253,7710,464,5543,192,286,21835,248,2544,83,3441,0,471,65123,142322,2505,3458,294,409,313363,519.6501184
KERALA,2010,33233047,24548530,8684517,27870810,94.08,38863,363,361,86,634,0,634,261,184,77,74,221,636,2682,4380,1486,2894,8724,343,3581,54,374,18532,22,2936,537,4797,0,47,98668,148313,583,8703,88,596,311871,938.4363703
LAKSHADWEEP,2010,64051,35547,28504,51766,93.47,32,0,0,0,0,0,0,0,0,0,0,0,0,5,5,0,5,3,0,0,0,2,1,0,0,0,0,0,0,26,42,0,10714,0,0,10803,16866.24721
MADHYA PRADESH,2010,65941611,52652870,18719741,41725308,88.31,308245,2423,2277,123,3135,0,3135,1187,1030,157,110,110,1919,9897,21577,11353,10224,2606,507,1779,33,748,39193,892,6646,918,3756,5,7038,107390,214269,3374,2,1384,4912,464109,703.8181096
MAHARASHTRA,2010,101232553,63836773,46986765,79795455,81.77,307713,2744,1926,152,1599,0,1599,1508,1124,384,778,285,3721,16617,52565,18676,33889,8412,1948,8684,389,1229,29696,393,3661,1180,7434,0,13508,49739,208168,1132,16718,292,3264,493414,487.4064571
MANIPUR,2010,2666259,1853700,821469,1848682,76.79,22327,92,258,1,34,0,34,199,107,92,0,196,2,66,417,254,163,65,24,59,7,86,227,0,31,0,18,0,1,932,2715,0,15952,0,73,22105,829.0642432
MEGHALAYA,2010,2899489,2334756,564733,1722292,72.75,22429,134,60,8,149,0,149,71,37,34,42,1,67,166,664,152,512,7,37,98,4,52,154,0,48,0,24,0,53,666,2505,0,289,0,110,6293,217.0382436
MIZORAM,2010,1070770,540610,530160,829502,91.1,21081,48,27,7,92,0,92,9,0,9,3,0,16,425,823,69,754,0,25,79,12,15,116,0,75,0,3,0,44,355,2174,0,248,0,50,5570,520.1864079
NAGALAND,2010,1981545,1632485,349060,1321423,76.77,1483,45,35,13,16,0,16,50,6,44,3,0,63,62,397,80,317,2,13,39,3,1,36,0,13,3,1,0,22,242,1059,0,39,0,10,2630,132.7247173
ODISHA,2010,41433088,35169788,6263300,26052041,72.3,155707,1308,1436,31,1025,0,1025,1016,912,104,346,117,1491,2855,7572,2627,4945,1779,322,1108,29,430,7181,388,2905,232,2067,5,3450,19366,56459,1710,36,556,194,125027,301.7564127
PUDUCHERRY,2010,1217452,405338,812114,931215,85.3,479,33,19,16,3,0,3,17,14,3,2,10,5,72,534,384,150,131,12,77,3,10,806,1,46,22,7,0,242,1867,3935,31,,0,16,8471,695.7974524
PUNJAB,2010,27369712,18093853,9275860,18312120,75.12,50362,907,994,120,546,0,546,789,576,213,65,143,241,2661,5446,2467,2979,0,243,3527,75,101,4873,121,349,38,1163,0,3350,10896,36648,115,,0,627,80819,295.2862639
RAJASTHAN,2010,67409630,51590773,15818856,37217955,65.61,342239,1421,1557,104,1571,0,1571,2985,2477,508,37,84,872,4714,22324,13245,9079,986,789,16584,36,478,19247,462,2339,23,11145,0,7978,67221,162957,624166,,1319,1318,979597,1453.200381
SIKKIM,2010,601004,535819,65185,423870,79.65,7096,17,6,2,18,0,18,6,6,0,1,0,7,72,53,8,45,4,1,20,3,7,73,1,11,0,3,0,47,200,552,3,,1,29,1214,201.9953278
TAMIL NADU,2010,71165630,39710565,31455065,50706211,79.57,130058,1875,2641,32,686,0,686,1720,1464,256,85,12,1817,4715,14583,5045,9538,2664,177,3259,312,636,21309,165,1405,638,1570,0,14644,110733,185678,1631,,33,810,390819,549.1681869
TRIPURA,2010,3623849,3009652,615997,2726515,79.29,10486,150,63,8,238,0,238,114,91,23,16,2,65,221,457,64,393,163,53,122,6,51,1136,25,376,9,937,0,237,1356,5805,11,,35,227,12692,350.2353437
UTTAR PRADESH,2010,196243121,155265834,40977287,110529728,66.02,240928,4401,4004,1401,1563,1,1562,6321,5468,853,337,48,2577,4915,31153,18216,12937,4186,3817,9553,426,170,10336,2217,2793,11,7978,0,14472,61500,174179,6272,,0,2332,395999,201.7900031
UTTARAKHAND,2010,9954012,7419440,2534571,6703436,77.59,53483,176,219,60,121,0,121,286,249,37,12,2,162,310,2138,871,1267,458,167,567,33,17,974,75,125,165,334,0,738,2101,9240,35,,0,31,21091,211.884414
WEST BENGAL,2010,90230582,65020400,25210182,60104093,75.7,88752,2398,2111,630,2311,0,2311,3345,2764,581,288,687,798,388,19389,4123,15266,6809,1011,3260,214,331,12764,507,2465,163,17796,8,2847,49096,129616,63,,47,880,285267,316.1533414
A& N ISLANDS,2011,380581,256117,124464,294281,86.63,8249,14,6,2,13,0,13,15,12,3,1,0,1,99,88,4,84,11,3,32,0,6,81,0,15,3,5,0,6,392,793,0,48,7,31,1788,469.8080041
ANDHRA PRADESH,2011,84580777,61805863,22774914,50556760,67.02,275045,2808,2229,171,1442,0,1442,2154,1612,542,126,7,600,8300,28267,8966,19301,2210,1174,9748,224,1021,54452,599,4849,3658,13376,0,13973,38392,189780,4016,25536,805,2213,443993,524.9336974
ARUNACHAL PRADESH,2011,1382611,1081773,300838,766005,65.38,83743,65,29,2,42,0,42,93,60,33,13,0,64,183,414,152,262,49,54,74,2,34,379,0,51,0,18,0,98,622,2286,0,171,34,35,5361,387.7446368
ASSAM,2011,31169272,27210078,3959194,19177977,72.19,78438,1303,504,48,1700,0,1700,3764,3192,572,305,4,837,3327,8309,585,7724,2328,920,1495,60,506,6306,121,1193,8,5246,2,2915,25513,66714,0,11462,2,236,158901,509.8001647
BIHAR,2011,103804637,92906156,10898481,52504553,61.8,94163,3198,3327,348,934,1,933,4268,3050,1218,556,105,1381,3629,16292,5041,11251,9768,1741,3776,64,705,19391,1413,790,11,2607,10,5877,55705,135896,3623,8815,2233,2233,310190,298.8209477
CHANDIGARH,2011,1054686,107962,946724,805438,86.05,114,24,40,6,27,0,27,58,46,12,6,2,68,285,1502,915,587,66,25,255,0,9,45,2,21,12,46,0,7,1036,3542,1,154,0,74,8900,843.853052
CHHATTISGARH,2011,25540196,20493722,5046474,15379922,70.28,135191,1110,747,28,1053,0,1053,472,365,107,68,7,470,3548,5315,2292,3023,934,180,980,65,289,11105,104,1654,174,834,2,2856,25223,57218,253,4186,336,1782,127833,500.5169107
D & N HAVELI,2011,342853,264042,78811,223230,76.24,491,14,2,0,4,0,4,9,8,1,7,0,2,22,69,43,26,20,10,18,2,5,25,0,2,0,3,0,24,134,372,1,17,2,11,857,249.9613537
DAMAN & DIU,2011,242911,148589,94322,188406,87.1,112,14,2,0,4,0,4,9,8,1,7,0,2,22,69,43,26,20,10,18,2,5,25,0,2,0,3,0,24,134,372,0,5,0,3,834,343.335625
DELHI,2011,16753235,1140371,15612864,12737767,86.21,16579,543,386,71,572,0,572,3767,2085,1682,33,25,562,1419,22899,14668,8231,50,337,2590,44,42,1946,142,657,162,1575,0,1168,14363,53353,28,5193,0,4250,143415,856.0436238
GOA,2011,1457723,733245,724478,1165487,86.21,3702,48,22,6,29,0,29,28,17,11,2,0,26,318,1115,463,652,74,45,142,31,24,215,1,29,12,18,0,263,1001,3449,4,106,1,75,8256,566.3627452
GUJARAT,2011,60383628,37939807,22443821,41093358,88.7,196024,1126,478,43,439,0,439,1614,1442,172,221,24,1368,4509,16043,8934,7109,1615,1339,1399,256,263,10159,30,685,93,6052,0,5827,69788,123371,217,8741,153,1131,275080,455.5539458
HARYANA,2011,25353081,17964492,7388589,16598988,78.03,44212,1062,851,60,733,0,733,959,733,226,167,176,638,5011,17425,12541,4884,1466,812,1761,18,166,3423,255,474,490,2740,0,1505,20549,60741,89,5425,0,280,146393,577.4170011
HIMACHAL PRADESH,2011,6856509,6176877,679632,5039736,75.55,55673,130,50,6,168,0,168,212,191,21,1,0,10,995,1042,356,686,530,143,359,4,110,1251,4,331,62,239,0,563,8102,14312,4,995,4,261,31310,456.6463779
JAMMU & KASHMIR,2011,12548926,9420476,3128450,7067233,82.8,222236,169,494,29,277,0,277,1077,1023,54,14,0,88,1516,2655,930,1725,1405,195,612,39,205,246,11,1194,350,286,0,385,13257,24504,1,3141,0,25,56184,447.7195897
JHARKHAND,2011,32966238,25513780,7452458,18328069,67.16,79714,1747,718,83,784,0,784,941,660,281,309,40,614,1235,6378,1872,4506,2133,447,907,22,138,4403,282,317,7,659,6,1728,11940,35838,636,2715,309,85,83524,253.3622429
KARNATAKA,2011,61130704,40490142,20640562,40647322,66.41,191791,1820,1837,85,636,0,636,1395,715,680,214,399,2123,6136,19834,10226,9608,7265,440,5850,105,231,21295,267,2608,81,3712,12,750,60505,137600,2481,8031,285,334,308196,504.1590884
KERALA,2011,33387677,24656761,8730916,28135824,94,38863,365,521,105,1132,0,1132,299,221,78,71,245,741,3001,4704,1454,3250,10754,340,5155,56,450,21747,15,3756,573,5377,0,65,112665,172137,761,11074,231,1452,363927,1090.003956
LAKSHADWEEP,2011,64429,35754,28675,52553,94,32,0,1,0,0,0,0,0,0,0,0,0,0,0,4,0,4,5,1,0,0,3,3,0,0,0,0,0,0,27,44,0,0,0,0,92,142.7928417
MADHYA PRADESH,2011,72597565,53571980,19025585,42851169,91.85,308245,2511,2340,139,3406,0,3406,1288,1088,200,118,117,1952,10230,22414,11595,10819,2080,557,1860,12,784,35711,811,6665,762,3732,45,7478,112082,217094,3245,16509,1284,4381,486715,670.4288222
MAHARASHTRA,2011,112372972,64732231,47640741,81554290,82.34,307713,2818,2105,144,1701,0,1701,1669,1252,417,773,291,4249,16313,53449,19270,34179,8556,1883,9098,351,1255,29769,339,3794,1071,7136,0,13024,45114,204902,1143,15293,321,3362,486742,433.14864
MANIPUR,2011,2721756,1882909,848747,1908476,76.94,22327,78,245,4,53,0,53,169,116,53,1,154,7,52,719,553,166,70,42,126,12,99,292,1,38,0,39,0,2,1015,3218,0,247,1,87,7712,283.3464866
MEGHALAYA,2011,2964007,2386983,577024,1785005,74.43,22429,170,51,3,130,0,130,87,37,50,49,0,63,145,696,190,506,8,52,166,13,34,197,1,74,1,21,3,90,701,2755,0,267,0,104,6794,229.2167326
MIZORAM,2011,1091014,550948,540066,848175,91.33,21081,26,24,8,77,0,77,6,0,6,1,0,6,336,734,39,695,0,21,66,2,19,97,0,72,1,9,0,37,279,1821,0,159,0,52,4670,428.0421699
NAGALAND,2011,1980602,1630845,349757,1342434,79.55,1483,46,43,11,23,0,23,34,3,31,7,0,59,73,360,85,275,1,16,31,5,2,55,0,9,0,1,0,15,292,1083,0,36,0,20,2639,133.2423172
ODISHA,2011,41947358,35601162,6346196,26742595,72.87,155707,1477,1621,51,1112,0,1112,1139,1008,131,417,84,1583,3031,8724,2986,5738,1556,250,1391,10,423,7894,465,3207,235,2320,0,3778,20509,61277,1455,8347,484,315,144130,343.597325
PUDUCHERRY,2011,1244464,414184,830280,957309,85.85,479,32,22,12,7,0,7,12,9,3,5,10,11,65,707,511,196,125,9,54,4,10,853,1,35,16,10,0,243,2119,4362,18,78,0,15,9561,768.2825698
PUNJAB,2011,27704236,18315782,9388454,18707137,75.84,50362,842,997,112,479,0,479,681,517,164,28,143,236,2488,4784,2107,2677,0,281,3571,58,83,4757,143,282,31,1136,0,3576,10175,34883,90,2588,0,622,79010,285.1910444
RAJASTHAN,2011,68621012,52512769,16108243,38275282,66.11,342239,1461,1566,100,1800,0,1800,3204,2713,491,28,72,727,4510,21099,12566,8533,751,741,17497,56,473,17977,514,2447,9,12218,0,8122,70250,165622,634506,19701,1263,1491,1014308,1478.130343
SIKKIM,2011,607688,541912,65776,444952,81.42,7096,14,7,8,16,0,16,10,10,0,0,0,5,60,72,8,64,25,4,31,3,4,75,0,24,0,4,0,57,177,596,9,54,8,29,1390,228.7357986
TAMIL NADU,2011,72138958,40242663,31896295,51837507,80.33,130058,1877,2962,28,677,0,677,1984,1743,241,101,11,2066,4848,13924,4911,9013,3009,238,3872,275,706,21167,152,1467,464,1812,0,16076,115163,192879,1391,6315,23,925,410997,569.7296044
TRIPURA,2011,3671032,3049230,623802,2804783,80.09,10486,163,75,0,205,0,205,154,116,38,11,0,50,227,494,59,435,175,54,99,9,58,1340,30,294,9,702,0,14,1640,5803,22,1356,30,102,13969,380.5197013
UTTAR PRADESH,2011,199581477,157888889,41692588,114397555,67.68,240928,4951,4653,1454,2042,0,2042,8500,7525,975,379,39,3148,5765,36683,21363,15320,5022,3721,9941,270,477,12234,2322,3455,3,7121,0,14380,68575,195135,7702,22468,35,5500,473200,237.096151
UTTARAKHAND,2011,10116752,7542681,2574071,6880953,78.82,53483,178,189,54,129,0,129,314,283,31,13,1,179,342,2093,840,1253,401,115,519,26,17,852,83,116,72,307,0,696,2078,8774,32,990,0,83,21189,209.4446913
WEST BENGAL,2011,91347736,65828339,25519397,61538281,76.26,88752,2109,2242,486,2363,0,2363,4285,3711,574,236,939,760,455,21446,4642,16804,6019,1264,4171,207,413,13094,510,2363,200,19772,0,3249,56614,143197,59,28919,41,1450,344957,377.6305961
A& N ISLANDS,2012,383024,257733,125291,298396,88.36,8249,15,3,0,12,0,12,8,7,1,5,0,2,71,71,0,71,8,5,31,1,4,62,2,17,4,5,0,6,351,683,0,47,4,28,1536,401.0192573
ANDHRA PRADESH,2012,85417854,62446343,22971511,51619004,67.6,275045,2717,2183,158,1341,0,1341,1870,1403,467,131,1,668,8442,27475,8036,19439,1878,1271,11002,260,980,56768,504,4816,3714,13389,0,13929,39025,192522,3057,25167,666,2274,446894,523.1857031
ARUNACHAL PRADESH,2012,1411075,1102942,308134,794127,66.3,83743,73,29,1,46,0,46,82,58,24,20,0,65,215,402,95,307,28,55,85,1,33,438,1,67,2,26,0,94,657,2420,0,200,10,39,5619,398.2070407
ASSAM,2012,31620646,27609457,4011189,19694239,72.59,78438,1368,670,54,1716,0,1716,3812,3360,452,266,7,907,3825,9394,2720,6674,5077,1278,1705,61,2830,6676,140,1840,5,6407,2,2565,27077,77682,4,13470,0,392,184152,582.3789938
BIHAR,2012,105885250,94765101,11120149,54644051,62.4,94163,3566,5452,285,927,0,927,4807,3789,1018,540,54,1266,3758,17667,6404,11263,10871,1650,3933,40,799,45827,1275,118,37,3686,4,4631,35421,146614,4821,9836,2894,2894,337074,318.3389566
CHANDIGARH,2012,1070091,109546,960545,821657,86.9,114,21,44,5,27,0,27,87,66,21,3,9,63,235,1549,894,655,49,34,234,2,9,42,5,45,25,73,0,3,1042,3606,2,241,0,96,9214,861.048266
CHHATTISGARH,2012,26010835,20878289,5132547,15800599,71.5,135191,998,593,26,1034,0,1034,450,350,100,64,4,412,3334,5341,2358,2983,910,170,925,53,330,10855,81,1601,162,980,0,2888,23387,54598,262,4208,344,1881,122716,471.7880068
D & N HAVELI,2012,355089,273444,81646,235163,78.39,491,7,2,0,3,0,3,13,9,4,2,0,2,22,68,36,32,11,10,4,0,12,25,0,2,0,0,0,23,112,318,0,14,4,8,746,210.0881751
DAMAN & DIU,2012,251382,153362,98019,196487,87.18,112,3,5,0,5,0,5,3,0,3,1,0,3,26,55,42,13,9,6,8,0,11,17,0,0,0,3,0,38,46,239,0,8,0,8,557,221.5751327
DELHI,2012,17043508,1159935,15883572,13045067,86.81,16579,521,439,82,706,0,706,3970,2160,1810,28,13,608,1715,22032,14391,7641,79,341,2491,61,79,1747,134,727,208,1985,0,913,15408,54287,44,5920,0,4462,145708,854.917896
GOA,2012,1468729,738860,729868,1183480,86.65,3702,45,35,3,55,0,55,24,16,8,6,0,25,356,915,300,615,122,64,205,16,34,266,0,49,16,24,0,233,1115,3608,10,160,1,122,8503,578.9359371
GUJARAT,2012,61354889,38559711,22795178,42219919,89.3,196024,1126,557,43,473,0,473,1720,1527,193,287,19,1366,4695,15952,9057,6895,1758,1240,1361,216,282,10234,21,745,93,6658,0,5573,75702,130121,288,9517,221,1327,289740,472.236206
HARYANA,2012,25773933,18258015,7515918,17049519,80.7,44212,991,910,68,668,0,668,1349,900,449,204,176,711,5129,17590,12979,4611,1424,740,1798,20,191,3277,258,525,434,3137,0,1484,21396,62480,55,5922,0,1015,151559,588.032102
HIMACHAL PRADESH,2012,6934370,6246333,688037,5139548,75.48,55673,113,53,9,183,0,183,172,152,20,1,0,10,928,769,265,504,494,137,373,1,131,1173,2,250,68,251,0,562,6877,12557,1,906,3,266,27414,395.3351206
JAMMU & KASHMIR,2012,12789449,9599817,3189631,7293228,83.5,222236,124,511,16,303,0,303,1093,1041,52,6,0,81,1395,2022,557,1465,1400,163,612,17,190,322,8,1322,347,301,0,371,14004,24608,2,3322,0,40,55998,437.8452895
JHARKHAND,2012,33568279,25969949,7598330,18983156,69.2,79714,1694,842,92,812,0,812,1056,786,270,284,33,494,1216,6680,2215,4465,2331,639,1566,14,136,4785,302,284,10,1261,3,1594,14818,40946,696,3458,287,113,94994,282.9874001
KARNATAKA,2012,61958718,41050253,20908465,41668558,66.55,191791,1860,1923,71,621,0,621,1451,1070,381,211,536,2207,5792,18418,8886,9532,7502,401,5822,84,416,20350,218,2978,100,3684,32,876,58468,134021,2605,8703,374,875,301089,485.9509843
KERALA,2012,33542307,24764992,8777315,28400838,94.5,38863,374,497,107,1019,0,1019,281,214,67,72,289,725,2710,4078,1262,2816,10938,301,4681,68,568,21170,32,3735,498,5216,0,48,101582,158989,810,10714,124,1324,336328,1002.697876
LAKSHADWEEP,2012,64807,35961,28846,53340,94.2,32,0,0,0,0,0,0,0,0,0,0,0,0,3,7,1,6,10,0,0,0,3,3,0,1,0,1,0,0,32,60,0,2,0,0,129,199.0525715
MADHYA PRADESH,2012,79253519,54491090,19331429,43977030,93.1,308245,2373,2332,114,3425,0,3425,1302,1127,175,107,127,1940,10019,23182,12279,10903,1951,576,2021,31,814,35549,743,6655,774,3988,6,7721,114585,220335,2875,16718,1218,5168,494558,624.0202407
MAHARASHTRA,2012,123513391,65627689,48294717,83313125,82.88,307713,2712,2168,171,1839,0,1839,1583,1140,443,793,322,6949,15648,47476,17855,29621,8860,1900,9398,291,1246,28392,329,3935,1294,7415,0,13311,46668,202700,1091,15952,308,3456,477105,386.2779543
MANIPUR,2012,2777253,1912118,876025,1968270,77.06,22327,83,409,4,63,0,63,223,133,90,8,171,3,53,903,736,167,72,67,136,2,74,285,0,49,1,43,0,2,1086,3737,0,289,2,104,9058,326.1496162
MEGHALAYA,2012,3028526,2439210,589315,1847718,74.84,22429,137,63,8,164,0,164,92,24,68,52,1,46,145,543,152,391,0,44,108,13,61,157,1,43,0,16,0,102,761,2557,0,248,0,91,6252,206.4370588
MIZORAM,2012,1111258,561286,549972,866848,91.66,21081,30,21,7,103,0,103,8,3,5,2,0,4,347,605,24,581,1,12,42,6,12,103,0,85,0,8,0,34,336,1766,0,199,0,95,4542,408.7259664
NAGALAND,2012,1979659,1629205,350454,1363445,80.48,1483,75,42,6,21,0,21,27,10,17,1,0,54,65,381,65,316,3,22,39,4,7,30,0,16,0,0,0,31,266,1090,0,47,0,13,2669,134.821199
ODISHA,2012,42461628,36032536,6429092,27433149,73.15,155707,1548,1879,54,1458,0,1458,1542,1364,178,402,99,1613,3430,9630,3210,6420,2205,317,1607,19,469,8223,525,4187,304,2638,0,3605,22203,67957,2265,10476,688,418,162391,382.441766
PUDUCHERRY,2012,1271476,423030,848446,983403,86.1,479,29,27,12,13,0,13,19,16,3,5,15,16,77,658,462,196,126,9,90,6,21,818,0,9,2,6,0,263,2060,4281,24,46,0,32,9354,735.6804218
PUNJAB,2012,28038760,18537711,9501048,19102154,76.11,50362,855,1045,104,680,1,679,919,689,230,48,184,213,2828,5272,2011,3261,1,289,3451,49,74,4186,118,340,31,1293,0,3405,10405,35790,71,3151,0,877,82550,294.4138756
RAJASTHAN,2012,69832394,53434765,16397630,39332609,66.76,342239,1461,1538,98,2049,0,2049,3243,2697,546,31,74,807,4610,23314,14107,9207,573,682,19646,49,475,17614,478,2352,18,13312,0,8284,70240,170948,653748,20906,1351,1807,1048314,1501.185825
SIKKIM,2012,614372,548005,66367,466034,81.42,7096,7,7,0,34,0,34,10,10,0,0,0,6,65,117,17,100,22,3,31,1,20,91,1,19,0,4,0,32,58,528,5,68,4,30,1324,215.5046128
TAMIL NADU,2012,73112286,40774761,32337525,52968803,80.88,130058,1949,2954,44,737,0,737,1945,1693,252,97,19,1898,4457,11996,3915,8081,3136,262,4151,377,726,22100,110,1494,382,1965,0,15499,124176,200474,1647,6381,27,1036,424717,580.9105736
TRIPURA,2012,3718215,3088808,631607,2883051,80.89,10486,124,79,2,229,0,229,139,114,25,7,0,60,239,565,140,425,128,47,105,9,59,1504,37,314,7,858,0,10,1742,6264,76,1559,29,20,15145,407.3191034
UTTAR PRADESH,2012,202919833,160511944,42407889,118265382,67.98,240928,4966,4811,1410,1963,0,1963,8878,7910,968,322,68,3159,6187,37376,22773,14603,5676,3638,10713,205,327,12290,2244,3247,8,7661,0,14406,68538,198093,6202,23033,44,6033,479715,236.4061674
UTTARAKHAND,2012,10279492,7665922,2613571,7058470,79.22,53483,217,161,44,148,0,148,297,256,41,29,3,144,391,1913,949,964,369,137,529,22,17,1022,71,139,73,368,0,670,2118,8882,33,1055,3,122,21335,207.5491668
WEST BENGAL,2012,92464890,66636278,25828612,62972469,76.88,88752,2252,2854,522,2046,0,2046,5117,4168,949,279,875,816,464,22991,5158,17833,6611,1391,5300,352,396,15923,593,3345,556,19865,12,4385,64482,161427,85,30585,91,1706,385475,416.8879669
